Rank,Player Name,Age,Official Points,+/-,Tournaments Played,Dropping,Next Best,Country
1,Novak Djokovic,36,9725,+50,18,,,Serbia
2,Carlos Alcaraz,20,8805,,18,360,,Spain
3,Jannik Sinner,22,8310,+40,20,600,,Italy
4,Daniil Medvedev,28,7765,+50,19,1000,,Russia
5,Alexander Zverev,26,5060,+110,26,,,Germany
6,Andrey Rublev,26,4970,-40,24,90,45,Russia
7,Holger Rune,20,3875,+155,23,90,10,Denmark
8,Casper Ruud,25,3560,+155,24,45,45,Norway
9,Hubert Hurkacz,27,3370,-35,24,45,10,Poland
10,Alex de Minaur,25,3300,+90,25,,,Australia
11,Stefanos Tsitsipas,25,3255,+85,25,90,15,Greece
12,Grigor Dimitrov,32,2935,+55,24,45,45,Bulgaria
13,Taylor Fritz,26,2935,-80,25,180,45,United States
14,Tommy Paul,26,2430,+310,27,90,45,United States
15,Ugo Humbert,25,2420,+5,29,,,France
16,Karen Khachanov,27,2265,-35,23,360,10,Russia
17,Ben Shelton,21,2220,+75,27,10,10,United States
18,Alexander Bublik,26,2002,+18,29,,,
19,Sebastian Baez,23,1990,+5,30,,,Argentina
20,Adrian Mannarino,35,1955,+5,29,90,11,France
21,Francisco Cerundolo,25,1845,+5,26,180,,Argentina
22,Frances Tiafoe,26,1805,-310,23,45,10,United States
23,Nicolas Jarry,28,1575,,25,,,Chile
24,Lorenzo Musetti,22,1520,+40,29,10,25,Italy
25,Jan-Lennard Struff,33,1484,-47,26,41,10,Germany
26,Tallon Griekspoor,27,1450,+5,26,,,Netherlands
27,Jiri Lehecka,22,1435,+175,27,45,20,Czech Republic
28,Alejandro Davidovich Fokina,24,1425,-170,25,45,10,Spain
29,Sebastian Korda,23,1395,+50,23,,,United States
30,Tomas Martin Etcheverry,24,1325,-10,28,25,10,Argentina
31,Cameron Norrie,28,1250,-130,25,10,10,
32,Christopher Eubanks,27,1233,-1,26,196,11,United States
33,Borna Coric,27,1214,+20,24,10,,Croatia
34,Jordan Thompson,29,1211,-35,29,,,Australia
35,Laslo Djere,28,1180,-10,24,25,10,Serbia
36,Felix Auger-Aliassime,23,1165,-130,22,45,,Canada
37,Arthur Fils,19,1128,+50,25,,,France
38,Matteo Arnaldi,23,1096,+5,24,,,Italy
39,Roman Safiullin,26,1085,+5,22,26,,Russia
40,Sebastian Ofner,27,1076,-40,33,50,25,
41,Aslan Karatsev,30,1073,,18,,,Russia
42,Jack Draper,22,1071,-80,20,,,
43,Daniel Evans,33,1066,,27,10,,
44,Alejandro Tabilo,26,1040,-76,24,19,,Chile
45,Alexei Popyrin,24,1032,-55,23,25,10,Australia
46,Miomir Kecmanovic,24,1030,,31,45,10,Serbia
47,Gael Monfils,37,1027,+90,22,10,,France
48,Emil Ruusuvuori,24,1006,-35,25,180,20,Finland
49,Zhizhen Zhang,27,1005,-1,26,,,China
50,Dominik Koepfer,29,1002,-6,24,130,16,Germany
51,Marcos Giron,30,1000,-15,28,,,United States
52,Dusan Lajovic,33,957,+30,24,45,,Serbia
53,Lorenzo Sonego,28,955,+20,27,90,10,Italy
54,Daniel Altmaier,25,951,-10,28,26,10,Germany
55,Facundo Diaz Acosta,23,943,-20,27,,,Argentina
56,Yannick Hanfmann,32,940,+20,29,,,Germany
57,Fabian Marozsan,24,929,+15,26,7,6,Hungary
58,Alexander Shevchenko,23,924,-76,33,,,
59,Mariano Navone,23,899,-7,23,16,,Argentina
60,Tomas Machac,23,891,+23,24,8,7,Czech Republic
61,Nuno Borges,27,887,,29,26,10,Portugal
62,Andy Murray,36,870,-15,27,10,10,
63,Flavio Cobolli,21,865,-15,33,30,25,Italy
64,Roberto Carballes Baena,30,851,+20,31,25,,Spain
65,Aleksandar Vukic,27,834,+33,30,26,7,Australia
66,Christopher O'Connell,29,833,+14,31,18,16,Australia
67,Pavel Kotov,25,823,+4,22,26,,Russia
68,Max Purcell,25,796,,32,90,20,Australia
69,Mackenzie McDonald,28,790,-25,26,45,10,United States
70,Jakub Mensik,18,781,+30,24,,,Czech Republic
71,Yoshihito Nishioka,28,778,-10,22,10,,Japan
72,Jaume Munar,26,776,,30,16,10,Spain
73,Alex Michelsen,19,776,+22,27,16,7,United States
74,Arthur Cazaux,21,774,+5,27,30,8,France
75,Luciano Darderi,22,771,-16,28,,,Italy
76,Thiago Seyboth Wild,24,768,-52,24,,,Brazil
77,Botic van de Zandschulp,28,750,,25,90,,Netherlands
78,Taro Daniel,31,742,-31,28,45,11,Japan
79,Pedro Cachin,28,739,-15,29,16,10,Argentina
80,Luca Van Assche,19,736,+40,26,125,10,France
81,Rinky Hijikata,23,724,-30,29,,,Australia
82,Arthur Rinderknech,28,723,+3,29,10,10,France
83,Stan Wawrinka,38,717,-80,21,,,Switzerland
84,Daniel Elahi Galan,27,712,+3,30,11,10,Colombia
85,Alexandre Muller,27,709,+20,30,25,10,France
86,Marton Fucsovics,32,692,-90,22,25,,Hungary
87,Federico Coria,32,687,,30,,,Argentina
88,Pedro Martinez,26,671,-16,29,40,16,Spain
89,Hugo Gaston,23,662,-42,28,,,France
90,Dominic Thiem,30,655,,25,,,
91,Jurij Rodionov,24,651,+20,27,136,,
92,Brandon Nakashima,22,650,+5,28,25,20,United States
93,Constant Lestienne,31,645,+39,36,,,France
94,J.J. Wolf,25,640,,24,25,10,United States
95,Juan Pablo Varillas,28,637,+75,25,85,,
96,Luca Nardi,20,623,+110,26,,,Italy
97,Sumit Nagal,26,623,+20,25,,,
98,Aleksandar Kovacevic,25,616,-38,29,33,,United States
99,Thiago Agustin Tirante,22,615,-1,25,75,7,Argentina
100,Roberto Bautista Agut,35,614,,26,,,Spain
101,Thanasi Kokkinakis,27,608,-1,24,33,9,Australia
102,Maximilian Marterer,28,608,-29,21,,,Germany
103,Fabio Fognini,36,601,+33,21,10,,Italy
104,Cristian Garin,27,590,-100,23,61,,Chile
105,Albert Ramos-Vinolas,36,588,,31,,,Spain
106,David Goffin,33,583,+30,29,,,
107,Corentin Moutet,24,577,,28,,,France
108,Zsombor Piros,24,575,+3,30,41,15,Hungary
109,James Duckworth,32,569,,24,11,7,Australia
110,Thiago Monteiro,29,564,+12,24,25,6,Brazil
111,Tomas Barrios Vera,26,558,-30,27,11,,Chile
112,Camilo Ugo Carabelli,24,558,+64,21,,,Argentina
113,Quentin Halys,27,535,-45,21,90,,France
114,Zizou Bergs,24,535,+22,22,,,
115,Francisco Comesana,23,533,-19,28,,,Argentina
116,Vit Kopriva,26,531,-17,25,45,,Czech Republic
117,Duje Ajdukovic,23,528,,27,,,Croatia
118,Dominic Stricker,21,527,-30,17,9,,Switzerland
119,Borna Gojo,26,522,-26,18,8,,Croatia
120,Richard Gasquet,37,521,-17,34,25,10,France
121,Gregoire Barrere,30,516,,29,45,11,France
122,Diego Schwartzman,31,513,-25,25,45,,Argentina
123,Yosuke Watanuki,25,512,,21,41,,Japan
124,Juncheng  Shang,19,507,+42,20,,,China
125,Michael Mmoh,26,507,,19,,,United States
126,Denis Shapovalov,24,505,+20,21,45,,Canada
127,Otto Virtanen,22,505,,26,120,,Finland
128,Lukas Klein,25,502,+43,26,8,7,
129,Terence Atmane,22,494,+23,29,25,8,France
130,Facundo Bagnis,34,492,+38,25,25,,Argentina
131,Liam Broady,30,489,-3,26,60,,
132,Emilio Nava,22,488,+14,31,25,7,United States
133,Gabriel Diallo,22,488,,25,65,,Canada
134,Felipe Meligeni Alves,26,484,,27,37,14,Brazil
135,Hamad Medjedovic,20,482,-50,18,7,,Serbia
136,Zachary Svajda,21,479,+21,26,,,United States
137,Hugo Grenier,27,478,+23,24,75,,France
138,Benoit Paire,34,478,-87,37,26,8,France
139,Mikhail Kukushkin,36,476,+12,23,9,,
140,Patrick Kypson,24,473,+30,24,1,,United States
141,Harold Mayot,22,472,+13,28,25,,France
142,Matteo Berrettini,27,470,+48,15,10,,Italy
143,Shintaro Mochizuki,20,469,+21,21,,,Japan
144,Giulio Zeppieri,22,467,,28,31,14,Italy
145,Bernabe Zapata Miralles,27,457,,28,10,,Spain
146,Valentin Vacherot,25,456,,29,5,3,
147,Alex Molcan,26,451,-35,24,45,,
148,Andrea Vavassori,28,450,-27,19,30,,Italy
149,Matteo Gigante,22,450,,24,16,,Italy
150,Adam Walton,24,445,,34,,,Australia
151,Jesper de Jong,23,436,-33,22,34,,Netherlands
152,Pablo Llamas Ruiz,21,431,,25,32,,Spain
153,Jason Kubler,30,426,-45,17,10,,Australia
154,Titouan Droguet,22,426,+41,25,4,3,France
155,Radu Albot,34,425,-6,29,8,6,
156,Benjamin Hassan,29,422,+4,31,36,6,Germany
157,Juan Manuel Cerundolo,22,417,+18,30,,,Argentina
158,Nicolas Moreno De Alboran,26,417,+30,26,11,3,United States
159,Damir Dzumhur,31,417,-4,25,7,,
160,Pierre-Hugues Herbert,33,413,+5,21,30,,France
161,Roman Andres Burruchaga,22,408,+5,33,,,Argentina
162,Andrea Pellegrino,26,400,-10,22,11,,Italy
163,Denis Kudla,31,397,+55,24,10,,United States
164,Stefano Napolitano,28,392,-1,26,,,Italy
165,Giovanni Mpetshi Perricard,20,387,-1,28,2,,France
166,Filip Misolic,22,382,-8,23,8,,
167,Marc Polmans,26,378,,32,41,14,Australia
168,Benjamin Bonzi,27,373,+2,30,,,France
169,Jan Choinski,27,370,+3,34,45,,
170,Leandro Riedi,22,367,-29,19,,,Switzerland
171,Sho Shimabukuro,26,365,,22,,,Japan
172,Dalibor Svrcina,21,363,,28,,,Czech Republic
173,Dino Prizmic,18,362,-15,20,16,,Croatia
174,Yunchaokete Bu,22,357,+4,18,30,,China
175,Vitaliy Sachko,26,353,-18,27,25,,
176,Ivan Gakhov,27,351,,26,91,,Russia
177,Rudolf Molleker,23,347,+23,35,16,4,Germany
178,Elias Ymer,27,345,+3,27,,,
179,Mattia Bellucci,22,340,+5,32,,,Italy
180,Marco Trungelliti,34,338,+44,29,16,6,Argentina
181,Billy Harris,29,338,+1,34,54,5,
182,Lloyd Harris,27,336,,23,,,
183,Hugo Dellien,30,336,-63,31,,,
184,Denis Yevseyev,30,335,-6,27,3,1,
185,Genaro Alberto Olivieri,25,332,-18,20,,,Argentina
186,Li Tu,27,330,+19,29,,,Australia
187,Matteo Martineau,25,328,+9,30,,,France
188,Maxime Cressy,26,325,-10,27,10,,United States
189,Joris De Loore,30,323,,21,,,
190,Stefano Travaglia,32,317,-4,30,16,,Italy
191,Beibit Zhukayev,23,316,,23,21,,
192,Kimmer Coppejans,30,314,-16,21,50,,
193,Kyrian Jacquet,22,312,-3,20,17,,France
194,Alexander Ritschard,29,309,+7,26,,,Switzerland
195,Franco Agamenone,30,307,+6,24,,,Italy
196,Mark Lajal,20,307,,27,20,,
197,Milos Raonic,33,305,+30,9,,,Canada
198,Gijs Brouwer,28,300,+12,26,,,Netherlands
199,Ugo Blanchet,25,299,,24,,,France
200,Nerman Fatic,29,299,-10,28,,,
201,Seongchan Hong,26,298,+30,26,,,
202,Clement Tabur,24,298,+23,27,,,France
203,Oliver Crawford,24,296,,28,,,
204,Martin Damm,20,296,,28,,,United States
205,Dane Sweeny,23,295,,29,25,4,Australia
206,Santiago Rodriguez Taverna,24,295,-10,33,,,Argentina
207,Oriol Roca Batalla,30,290,-14,33,9,,Spain
208,Omar Jasika,26,289,-5,29,,,Australia
209,Marc-Andrea Huesler,27,288,-13,27,36,,Switzerland
210,Calvin Hemery,29,288,+4,25,7,,France
211,Daniel Rincon,21,285,-7,26,2,,Spain
212,Coleman Wong,19,285,,27,,,
213,Jozef Kovalik,31,284,+6,25,18,,
214,Mate Valkusz,25,283,-7,19,,,Hungary
215,Ryan Peniston,28,283,,28,,,
216,Marco Cecchinato,31,281,,22,,,Italy
217,Ilya Ivashka,30,281,-45,17,25,,
218,Dennis Novak,30,278,,24,,,
219,Lukas Neumayer,21,278,-2,34,1,,
220,Geoffrey Blancaneaux,25,277,,30,8,,France
221,Alexis Galarneau,25,276,-9,22,,,Canada
222,Antoine Escoffier,32,276,-24,27,16,,France
223,Jules Marie,32,276,-22,33,,,France
224,Goncalo Oliveira,29,271,-13,37,25,3,Portugal
225,Gustavo Heide,22,269,+20,22,,,Brazil
226,Francesco Maestrelli,21,266,+22,30,,,Italy
227,Francesco Passaro,23,265,+4,27,,,Italy
228,Abdullah Shelbayh,20,265,,31,4,,
229,Murkel Dellien,26,265,+28,32,8,4,
230,Tristan Boyer,22,264,-2,21,,,United States
231,Enzo Couacaud,29,263,,17,25,,France
232,Yu Hsiou Hsu,24,261,+4,21,,,
233,Zdenek Kolar,27,261,+5,34,,,Czech Republic
234,Aziz Dougaz,26,261,-13,34,,,
235,Guido Pella,33,260,-25,10,25,,Argentina
236,Federico Gaio,32,256,-31,25,30,,Italy
237,Juan Pablo Ficovich,27,256,+25,31,,,Argentina
238,Dimitar Kuzmanov,30,255,,23,,,Bulgaria
239,Alejandro Moro Canas,23,254,-1,23,,,Spain
240,Henri Squire,23,254,+50,32,16,2,Germany
241,Alessandro Giannessi,33,253,-5,30,75,,Italy
242,Lucas Pouille,30,252,+50,14,,,France
243,Steve Johnson,34,247,,13,,,United States
244,Yasutaka Uchiyama,31,244,+6,22,,,Japan
245,Chun-Hsin Tseng,22,236,+79,19,7,,
246,Edoardo Lavagno,25,236,-13,30,18,1,Italy
247,Manuel Guinard,28,232,+2,27,,,France
248,Henrique Rocha,19,232,,28,,,Portugal
249,Tristan Schoolkate,23,231,-6,31,8,1,Australia
250,Dmitry Popko,27,228,+28,26,,,
251,Illya Marchenko,36,227,-39,22,,,
252,Maxime Janvier,27,227,-2,31,32,,France
253,Ethan Quinn,20,226,+30,22,,,United States
254,Adrian Andreev,22,223,-16,30,7,,Bulgaria
255,Nicholas David Ionel,21,223,-5,34,14,4,
256,Jason Jung,34,221,,18,,,
257,Liam Draxl,22,220,+36,16,,,Canada
258,Ricardas Berankis,33,219,-8,21,84,,
259,Yuta Shimizu,24,219,-44,24,3,,Japan
260,Maks Kasnikowski,20,218,,29,,,Poland
261,Enrico Dalla Valle,25,217,,29,5,2,Italy
262,Alibek Kachmazov,21,215,,25,9,2,Russia
263,Thai-Son Kwiatkowski,29,215,+21,26,9,4,United States
264,Renzo Olivo,32,215,+20,27,11,2,Argentina
265,Arthur Fery,21,213,,15,,,
266,Gianluca Mager,29,213,-12,19,25,,Italy
267,Philip Sekulic,20,211,,26,,,Australia
268,Yibing Wu,24,210,-25,13,25,,China
269,Alex Bolt,31,209,+16,17,26,,Australia
270,Tung-Lin Wu,25,209,-41,21,,,
271,Dragos Nicolae Madaras,26,207,-1,20,22,,
272,Evgeny Donskoy,33,206,,27,50,,Russia
273,Timofey Skatov,23,205,,21,24,,
274,Andrea Collarini,32,204,+6,25,,,Argentina
275,Lucas Poullain,28,204,-14,26,20,2,France
276,Mathias Bourgue,30,203,,24,4,,France
277,Tristan Lamasine,31,201,-5,26,8,2,France
278,Joao Sousa,34,200,,20,7,,Portugal
279,Gauthier Onclin,23,200,-9,27,7,,
280,Tennys Sandgren,32,199,-8,23,,,United States
281,August Holmgren,25,199,,24,3,,Denmark
282,Mitchell Krueger,30,199,+6,26,,,United States
283,Giovanni Fonio,25,199,-6,33,20,4,Italy
284,Jiri Vesely,30,198,,17,,,Czech Republic
285,Nikolas Sanchez Izquierdo,25,197,-2,30,,,Spain
286,Alvaro Guillen Meza,21,195,+2,28,,,
287,Jaime Faria,20,194,+48,30,,,Portugal
288,Brandon Holt,25,193,,16,,,United States
289,Guido Andreozzi,32,193,-5,20,,,Argentina
290,Samuel Vincent Ruggeri,21,193,+6,30,,,Italy
291,Valentin Royer,22,191,,24,,,France
292,Hady Habib,25,191,+14,29,,,
293,Clement Chidekh,22,190,+25,17,,,France
294,Alexander Blockx,18,190,+12,21,,,
295,Matheus Pucinelli De Almeida,22,190,+6,26,,,Brazil
296,Michael Geerts,29,189,-13,33,43,3,
297,Mikael Ymer,25,187,-25,11,10,,
298,Bernard Tomic,31,187,,30,,,Australia
299,Antoine Bellier,27,186,,20,25,,Switzerland
300,Javier Barranco Cosano,25,186,,23,3,,Spain
301,John Isner,38,185,-10,11,10,,United States
302,Daniel Michalski,24,185,-4,22,,,Poland
303,Marius Copil,33,183,-4,15,41,,
304,Alexander Weis,26,183,-2,29,3,2,Italy
305,Ergi Kirkin,25,182,+17,23,,,
306,Luke Saville,30,182,-8,25,8,,Australia
307,Aidan Mayo,20,182,,27,6,,United States
308,Daniel Masur,29,179,+48,23,8,,Germany
309,Pedro Sakamoto,30,179,+25,27,,,Brazil
310,Riccardo Bonadio,30,179,-21,28,,,Italy
311,Filip Cristian Jianu,22,179,+27,39,,,
312,Marvin Moeller,25,175,-13,25,,,Germany
313,Gastao Elias,33,174,-17,16,66,,Portugal
314,Oscar Otte,30,173,-25,17,10,,Germany
315,Blaise Bicknell,22,172,+2,19,,,
316,Vilius Gaubas,19,172,+16,24,3,,
317,Nick Hardt,23,170,+16,22,,,
318,Moez Echargui,31,170,-13,27,,,
319,Sebastian Fanselow,32,170,,30,7,2,Germany
320,Michael Vrbensky,24,169,+6,28,,,Czech Republic
321,Raul Brancaccio,26,168,-7,24,7,,Italy
322,Dan Added,24,168,-3,32,50,1,France
323,David Jorda Sanchis,29,166,,26,16,,Spain
324,Joao Lucas Reis Da Silva,23,166,-9,29,,,Brazil
325,Andrew Paulson,22,165,,18,,,Czech Republic
326,Gonzalo Bueno,19,164,-11,23,,,
327,Cezar Cretu,22,164,+9,26,4,1,
328,Timo Stodder,27,162,,33,4,2,Germany
329,Steven Diez,33,160,-18,31,2,,Canada
330,Mathys Erhard,22,158,-1,32,,,France
331,Khumoyun Sultanov,25,157,,19,3,,
332,Maximilian Neuchrist,32,157,,22,67,,
333,Hazem Naw,24,157,-6,26,8,2,
334,Felix Gill,21,157,,28,,,
335,Hiroki Moriya,33,156,+8,21,,,Japan
336,Max Houkes,23,156,,31,25,1,Netherlands
337,Egor Gerasimov,31,154,+2,15,,,
338,Yanki Erel,23,154,,25,,,
339,Salvatore Caruso,31,154,-9,30,9,2,Italy
340,Toby Kodat,21,151,-1,23,8,,United States
341,Joao Fonseca,17,149,,11,,,Brazil
342,Norbert Gombos,33,149,,19,20,,
343,Guy Den Ouden,21,149,-1,20,,,Netherlands
344,Francesco Forti,24,149,,27,14,2,Italy
345,Charles Broom,25,149,,29,,,
346,Federico Agustin Gomez,27,145,+2,29,,,Argentina
347,Federico Delbonis,33,144,,14,,,Argentina
348,Omni Kumar,22,144,+7,26,,,United States
349,Aidan McHugh,23,144,-1,27,8,2,
350,Laurent Lokoli,29,143,,21,,,France
351,Kei Nishikori,34,143,,7,,,Japan
352,Gabriel Debru,18,142,,22,,,France
353,Nino Serdarusic,27,142,-28,27,7,,Croatia
354,Frederico Ferreira Silva,29,141,,24,7,,Portugal
355,Benjamin Lock,31,141,+4,33,2,,
356,Gerard Campana Lee,19,140,+4,23,4,,
357,Gilbert Klier Junior,23,139,,16,,,Brazil
358,Jay Clarke,25,139,+4,19,,,
359,Elmer Moller,20,138,,22,4,,Denmark
360,Martin Landaluce,18,137,-1,27,,,Spain
361,Yan Bai,34,136,,21,,,China
362,Rio Noguchi,25,136,,26,,,Japan
363,Eric Vanshelboim,22,136,-2,26,19,4,
364,Tim Handel,27,136,,28,,,Germany
365,Arthur Weber,31,135,,24,2,,France
366,Kalin Ivanovski,19,135,-2,24,5,,
367,Altug Celikbilek,27,135,-1,25,20,,
368,Mohamed Safwat,33,135,-1,29,2,1,
369,Carlos Sanchez Jover,23,134,,26,,,Spain
370,Damien Wenger,24,134,+12,29,2,1,Switzerland
371,Orlando Luz,26,133,-1,22,,,Brazil
372,Mikalai Haliak,25,133,,24,2,,
373,Giovanni Oradini,26,133,,25,,,Italy
374,Karl Friberg,24,133,,25,14,1,
375,Robert Strombachs,24,131,-13,26,4,1,
376,Marko Topo,20,130,+4,23,,,Germany
377,Dominik Palan,23,129,,24,,,Czech Republic
378,James McCabe,20,128,-41,24,2,,Australia
379,Louis Wessels,25,127,,30,,,Germany
380,George Loffhagen,22,126,+3,16,,,
381,Mateus Alves,23,126,+4,19,25,,Brazil
382,Hernan Casanova,30,126,-10,24,8,,Argentina
383,Marat Sharipov,21,126,-3,26,15,1,Russia
384,Alexis Gautier,26,126,,29,,,France
385,Martin Krumich,21,125,+2,18,,,Czech Republic
386,Alberto Barroso Campos,27,125,,23,,,Spain
387,Daniel Merida,19,125,-2,26,,,Spain
388,Lorenzo Giustino,32,125,+1,28,7,,Italy
389,Yun seong Chung,25,124,,18,,,
390,Cem Ilkel,28,123,-44,22,11,,
391,Bogdan Bobrov,26,123,,26,4,1,Russia
392,Sandro Kopp,23,122,+12,26,,,
393,Akira Santillan,26,121,,24,16,1,Australia
394,Leo Borg,20,120,-2,25,,,
395,Remy Bertola,25,120,+2,27,2,1,Switzerland
396,James Trotter,24,119,,12,,,Japan
397,Jakub Nicod,19,119,+30,22,,,Czech Republic
398,Kyle Edmund,29,118,+3,21,10,,
399,Kamil Majchrzak,28,117,+17,7,,,Poland
400,Blake Ellis,25,117,,26,,,Australia
401,Oleksii Krutykh,24,117,-4,27,7,,
402,Blake Mott,27,116,+1,17,,,Australia
403,Naoki Nakagawa,27,115,-16,18,6,,Japan
404,Skander Mansouri,28,115,,26,7,,
405,Yusuke Takahashi,26,114,-1,29,16,1,Japan
406,Cannon Kingsley,22,113,,16,,,United States
407,Carlos Taberner,26,113,,20,,,Spain
408,Carlos Lopez Montagud,23,113,,21,,,Spain
409,Yshai Oliel,24,113,,28,2,,
410,Ramkumar Ramanathan,29,112,,15,,,
411,Eduardo Ribeiro,26,111,+5,24,9,,Brazil
412,Viktor Durasovic,26,111,+6,28,2,,Norway
413,Kilian Feldbausch,18,110,,15,,,Switzerland
414,Corentin Denolly,26,110,+4,22,,,France
415,Alex Barrena,21,109,,29,3,1,Argentina
416,Kris Van Wyk,27,109,,33,3,1,
417,Paul Jubb,24,108,,19,,,
418,Lucas Gerch,29,108,+2,19,,,Germany
419,Christian Langmo,27,108,-14,24,9,,United States
420,Svyatoslav Gulin,21,108,+4,25,,,Russia
421,Jonas Forejtek,23,106,,21,2,,Czech Republic
422,Matej Dodig,18,106,,21,17,1,Croatia
423,Sascha Gueymard Wayenburg,20,106,+3,27,22,,France
424,Peter Gojowczyk,34,105,,15,,,Germany
425,Vadym Ursu,27,105,+1,18,,,
426,Tibo Colson,23,105,-1,23,3,,
427,Mukund Sasikumar,27,105,,23,8,,
428,Nick Chappell,31,105,-1,27,,,United States
429,Matthew Dellavedova,23,105,+5,42,6,4,Australia
430,Jerome Kym,21,104,,12,,,Switzerland
431,Learner Tien,18,104,,13,,,United States
432,Roberto Cid Subervi,30,104,+1,20,1,,
433,Pol Martin Tiffon,24,104,-31,24,2,,Spain
434,Kacper Zuk,25,104,,25,41,,Poland
435,Valerio Aboian,21,104,+18,32,3,1,Argentina
436,Raphael Collignon,22,103,,12,9,,
437,Ignacio Buse,19,103,+8,21,2,,
438,Orel Kimhi,20,103,+4,24,4,,
439,Gonzalo Villanueva,29,103,+2,27,,,Argentina
440,Colin Sinclair,29,102,,20,3,,
441,Arthur Gea,19,101,+8,18,3,,France
442,Daniel Cukierman,28,100,+8,18,16,,
443,Juan Bautista Torres,21,100,-10,20,11,,Argentina
444,Nicolas Mejia,24,100,+3,20,33,,Colombia
445,Facundo Mena,31,100,+1,20,,,Argentina
446,Filip Krajinovic,32,99,-8,12,,,Serbia
447,Jie Cui,26,99,+13,18,,,China
448,Nishesh Basavareddy,18,98,,8,,,United States
449,Robin Bertrand,21,98,+1,33,2,1,France
450,Julian Ocleppo,26,97,-3,13,6,,Italy
451,Fajing Sun,27,97,,25,2,,China
452,Giles Hussey,26,97,+5,25,1,,
453,Blaz Rola,33,96,,9,,,
454,Sebastian Gima,21,96,,33,8,2,
455,Stefanos Sakellaridis,19,96,+7,41,,,Greece
456,Lorenzo Rottoli,22,95,+1,23,19,,Italy
457,Maxime Chazal,30,94,-8,20,3,,France
458,Strong Kirchheimer,28,94,-16,20,8,,United States
459,Miguel Damas,24,94,+2,21,3,,Spain
460,Luciano Emanuel Ambrogi,20,94,-2,23,,,Argentina
461,Daniil Glinka,23,94,+3,29,2,1,
462,Pedro Boscardin Dias,21,93,,21,,,Brazil
463,Filip Peliwo,30,93,-2,28,,,Poland
464,Makoto Ochi,27,92,+1,27,,,Japan
465,Marcello Serafini,21,92,,30,,,Italy
466,Saba Purtseladze,22,92,-1,33,4,2,
467,Toby Samuel,21,91,,13,,,
468,Sanhui Shin,27,91,,19,,,
469,Daniel Cox,33,91,-1,20,11,,
470,Anton Matusevich,22,90,,19,,,
471,Max Hans Rehberg,20,90,,19,11,,Germany
472,Adolfo Daniel Vallejo,19,90,-2,22,,,
473,Eliakim Coulibaly,21,90,-7,23,8,1,
474,Hynek Barton,19,89,+2,25,,,Czech Republic
475,Rigele Te,26,88,+1,19,3,,China
476,Elmar Ejupovic,31,87,-9,27,9,,Germany
477,Bruno Kuzuhara,19,87,,31,,,United States
478,Hamish Stewart,24,86,+2,21,2,,
479,Matija Pecotic,34,85,,7,,,Croatia
480,Garrett Johns,23,85,,18,,,United States
481,Imanol Lopez Morillo,24,85,,22,,,Spain
482,Gilles Arnaud Bailly,18,85,,25,23,,
483,Ryan Nijboer,24,85,,30,,,Netherlands
484,Ulises Blanch,25,84,-20,12,,,United States
485,Luka Mikrut,19,84,+1,19,5,,Croatia
486,Bor Artnak,19,84,,26,,,
487,Nicolas Zanellato,22,84,+2,30,,,Brazil
488,Nam Hoang Ly,27,83,,19,8,,
489,Ernesto Escobedo,27,82,,12,,,
490,Kenny De Schepper,36,82,+2,20,14,,France
491,Kirill Kivattsev,26,82,+1,32,14,1,Russia
492,Martyn Pawelski,19,81,+6,20,,,Poland
493,Jelle Sels,28,81,,24,,,Netherlands
494,Evgeny Karlovskiy,29,80,+15,19,,,Russia
495,Antoine Hoang,28,80,+2,19,18,,France
496,Yurii Dzhavakian,30,80,,30,,,
497,Gabi Adrian Boitan,24,79,+20,21,,,
498,Nikolay Vylegzhanin,23,79,+1,26,25,,Russia
499,Alex Marti Pujolras,25,79,,31,15,3,Spain
500,Inaki Montes-De La Torre,21,78,,9,,,Spain
501,Peter Heller,31,78,+2,20,8,,Germany
502,Andrea Picchione,25,78,,26,4,2,Italy
503,Denis Klok,25,78,,26,15,1,Russia
504,Alex Knaff,26,78,,30,,,
505,Andre Ilagan,23,77,+3,11,,,United States
506,Jea Moon Lee,30,77,,16,,,
507,Carlos Gimeno Valero,22,77,+1,17,,,Spain
508,Viacheslav Bielinskyi,20,77,-2,18,15,,
509,Jakub Paul,24,77,+8,23,1,,Switzerland
510,Andrey Chepelev,25,77,,31,,,Russia
511,Jacob Fearnley,22,76,,7,,,
512,Alexey Zakharov,23,76,,13,,,Russia
513,Yanaki Milev,19,76,+8,20,,,Bulgaria
514,Yuki Mochizuki,26,76,,20,16,,Japan
515,Gonzalo Lama,30,76,,21,3,,Chile
516,Zhe Li,37,75,,15,,,China
517,Andres Martin,22,75,,16,,,United States
518,Evgenii Tiurnev,26,75,,19,,,Russia
519,Evan Zhu,25,75,-2,21,2,,United States
520,Miljan Zekic,35,75,,23,7,,Serbia
521,Andres Andrade,25,75,,23,6,,
522,Mats Rosenkranz,25,75,,26,,,Germany
523,Alexandr Cozbinov,28,75,,27,2,1,
524,Sidane Pontjodikromo,23,74,,27,2,1,Netherlands
525,Vlad Andrei Dancu,25,74,+1,30,,,
526,Olaf Pieczkowski,19,73,,22,8,,Poland
527,Sergi Perez Contri,26,73,-1,23,10,,Spain
528,Ignacio Monzon,26,73,-1,27,,,Argentina
529,Michael Zheng,20,72,,7,,,United States
530,M Rifki Fitriadi,25,72,,21,,,
531,Petr Nesterov,21,72,+7,21,4,,Bulgaria
532,Sander Jong,23,72,+2,22,,,Netherlands
533,Lorenzo Joaquin Rodriguez,24,72,+3,24,,,Argentina
534,Gabriele Pennaforti,23,72,-1,26,,,Italy
535,Federico Iannaccone,24,72,+1,27,,,Italy
536,Buvaysar Gadamauri,23,72,,29,,,
537,Stefan Popovic,20,72,+1,29,,,Serbia
538,Gianmarco Ferrari,23,72,-4,32,8,,Italy
539,Alastair Gray,25,71,,15,,,
540,Alex Rybakov,27,71,,22,,,United States
541,Adrian Oetzbach,26,71,+3,36,,,Germany
542,Hanwen Li,21,70,,20,,,China
543,Emilien Voisin,23,70,-4,20,16,,France
544,Tom Gentzsch,20,70,,37,2,1,Germany
545,Radu Mihai Papoe,21,69,,11,,,
546,Emilio Gomez,32,69,,16,,,
547,Luka Pavlovic,23,69,+8,16,,,France
548,Daniel Dutra da Silva,35,69,-3,21,,,Brazil
549,Darian King,31,68,,8,,,
550,Matyas Fuele,25,68,,24,,,Hungary
551,Kaichi Uchida,29,68,,24,,,Japan
552,Ryuki Matsuda,24,68,-2,30,,,Japan
553,Gerald Melzer,33,67,-3,13,2,,
554,Adria Soriano Barrera,24,67,+5,20,8,,Colombia
555,Maximus Jones,19,67,+2,22,,,
556,Christian Harrison,29,66,,13,,,United States
557,Luca Wiedenmann,25,66,-1,21,,,Germany
558,Juan Pablo Paz,29,66,+3,31,,,Argentina
559,Juan Carlos Prado Angelo,19,65,+9,17,,,
560,Adrien Gobat,22,65,-7,26,,,France
561,Matias Franco Descotte,29,65,-7,26,,,Argentina
562,Georgii Kravchenko,23,65,,27,3,1,
563,David Pichler,28,65,+3,29,5,,
564,Pedro Sousa,35,64,,4,,,Portugal
565,Philip Henning,23,64,+17,8,,,
566,Quinn Vandecasteele,21,64,,10,,,United States
567,Guido Ivan Justo,26,64,+5,20,,,Argentina
568,Harry Wendelken,22,64,+2,25,17,,
569,Pedro Vives Marcos,22,63,,8,,,Spain
570,Nicola Kuhn,23,63,+4,13,,,Germany
571,Lautaro  Midon,19,63,-8,21,,,Argentina
572,Marlon Vankan,23,63,,23,1,,Germany
573,Constantin Bittoun Kouzmine,25,63,-1,24,4,1,France
574,Tom Paris,21,62,-1,15,1,,France
575,Ezekiel Clark,25,62,+1,23,,,United States
576,Stefan Dostanic,22,61,,10,,,United States
577,Alafia Ayeni,24,61,+4,15,,,United States
578,Egor Agafonov,21,61,,22,2,,Russia
579,Fausto Tabacco,21,61,+5,25,5,,Italy
580,Jake Delaney,26,61,+1,27,1,,Australia
581,Duarte Vale,25,61,+3,30,,,Portugal
582,Matias Soto,24,60,,18,,,Chile
583,Marek Gengel,28,60,-2,19,,,Czech Republic
584,Alvaro Lopez San Martin,26,60,-24,19,4,,Spain
585,Ajeet Rai,25,60,-2,20,8,,
586,Federico Arnaboldi,23,60,+3,22,14,,Italy
587,Wilson Leite,32,60,-3,25,,,Brazil
588,Renta Tokuda,25,59,-5,15,,,Japan
589,Alejo Sanchez Quilez,18,59,+4,15,,,Spain
590,Andrej Nedic,19,59,,16,2,,
591,Mariano Kestelboim,28,59,+8,16,,,Argentina
592,Arthur Bouquier,23,59,-2,23,3,,France
593,Victor Lilov,20,59,,24,3,,United States
594,Tommaso Compagnucci,24,59,,26,,,Italy
595,Neil Oberleitner,24,59,,28,8,,
596,Nicolas Kicker,31,58,,6,,,Argentina
597,Luca Potenza,23,58,+6,23,2,,Italy
598,Keegan Smith,25,58,+4,23,,,United States
599,Kai Wehnelt,28,58,,24,,,Germany
600,S D Prajwal Dev,27,58,,27,4,,
601,Vladyslav Orlov,28,58,,29,6,2,
602,Evan Furness,25,57,-13,11,30,,France
603,Ryan Seggerman,24,57,,14,,,United States
604,Hikaru Shiraishi,23,57,-4,21,,,Japan
605,Tsung-Hao Huang,24,57,+1,22,,,
606,Luca Giacomini,26,57,+4,23,,,Italy
607,Yassine Dlimi,20,56,,11,,,
608,Arklon Huertas Del Pino Cordova,29,56,-2,14,,,
609,Gabriele Piraino,20,56,+1,24,1,,Italy
610,Luca Castelnuovo,27,56,,27,2,,Switzerland
611,Karue Sell,30,55,,8,,,Brazil
612,Pedro Rodenas,19,55,,12,,,Spain
613,Nathan Ponwith,25,55,-3,16,25,,United States
614,Florent Bax,24,55,-13,22,,,France
615,Lukas Pokorny,22,55,-4,24,8,,
616,Diego Augusto Barreto Sanchez,21,55,,28,1,,Spain
617,Franco Roncadelli,24,55,-1,29,,,
618,Moerani Bouzige,24,55,,33,,,Australia
619,Alec Deckers,23,54,,16,,,Netherlands
620,Digvijaypratap Singh,23,54,,21,,,
621,Rubin Statham,36,54,-14,23,3,,
622,Amaury Raynel,21,54,,31,2,1,France
623,Jacob Bradshaw,21,54,+8,31,3,,Australia
624,Kevin Anderson,37,53,,3,,,
625,Justin Boulais,22,53,,9,,,Canada
626,Gian Marco Moroni,26,53,+2,9,,,Italy
627,Shuichi Sekiguchi,32,53,,13,1,,Japan
628,Jose Pereira,33,53,-13,13,,,Brazil
629,Ozan Baris,19,53,,14,,,United States
630,Tatsuma Ito,35,53,,17,19,,Japan
631,Alexey Vatutin,31,53,-4,18,2,,Russia
632,Sebastian Prechtel,27,53,-4,19,1,,Germany
633,Ilia Simakin,20,53,+2,21,,,Russia
634,Lucas Catarina,27,52,-4,8,30,,
635,Sora Fukuda,26,52,,14,,,Japan
636,Alexander Zgirovsky,22,52,+1,17,,,
637,Oleg Prihodko,26,52,-6,17,,,
638,Mika Brunold,19,52,-16,21,21,,Switzerland
639,Giorgio Tabacco,20,52,+15,24,1,,Italy
640,Christoph Negritu,29,52,,28,4,2,Germany
641,Shintaro Imai,30,51,,6,,,Japan
642,Dayne Kelly,33,51,,10,6,,Australia
643,Jeremy Jahn,33,51,,17,4,,Germany
644,Tomas Farjat,23,51,-1,26,1,,Argentina
645,Dan Alexandru Tomescu,24,51,-7,29,,,
646,Chris Rodesch,22,50,,11,,,
647,Rafael Nadal,37,50,,12,,,Spain
648,Tristan McCormick,24,50,-4,13,1,,United States
649,Kasidit Samrej,23,50,+2,20,,,
650,Niels Visker,22,50,+4,22,,,Netherlands
651,Ye Cong Mo,23,50,,23,,,China
652,Dali Blanch,21,50,,28,,,United States
653,Stefan Kozlov,26,49,+11,8,,,United States
654,Lorenzo Bocchi,26,49,-4,16,,,Italy
655,Pawel Juszczak,30,49,,16,2,,Poland
656,Johan Alexander Rodriguez,20,49,+1,17,19,,Colombia
657,Juan Ignacio Londero,30,48,,4,5,,Argentina
658,Henri Laaksonen,31,48,,14,,,Switzerland
659,Siddharth Vishwakarma,29,48,,14,6,,
660,Elliot Benchetrit,25,48,-3,14,,,
661,Edas Butvilas,19,48,-5,15,,,
662,Enzo Wallart,27,48,,16,,,France
663,Evgeny Philippov,22,48,-22,18,,,Russia
664,Luca Castagnola,21,48,+2,23,,,Italy
665,Peter Fajta,21,47,-1,12,,,Hungary
666,Lorenzo Claverie,21,47,,15,,,Italy
667,Maxence Beauge,23,47,-1,25,9,,France
668,Justin Barki,23,46,,10,,,
669,Kiranpal Pannu,27,46,+8,13,,,
670,Kazuki Nishiwaki,29,46,-1,18,,,Japan
671,Andrea Guerrieri,25,46,-4,18,,,Italy
672,Duckhee Lee,25,46,-5,21,,,
673,Rishab Agarwal,28,46,,22,1,,
674,Sergey Fomin,23,46,,23,,,
675,Jorge Martinez Martinez,28,46,-4,27,1,,Spain
676,Leonardo Aboian,25,46,+3,29,,,Argentina
677,Feliciano Lopez,42,45,,4,,,Spain
678,Stuart Parker,26,45,,16,,,
679,Yuta Kawahashi,26,45,,17,,,Japan
680,Max Alcala Gurri,21,45,+3,30,3,,Spain
681,James Tracy,21,44,,5,,,United States
682,Dusan Obradovic,22,44,,23,1,,Serbia
683,Kyle Kang,19,43,-1,9,16,,United States
684,Timo Legout,22,43,,10,,,France
685,Giuseppe La Vela,23,43,+10,19,,,Italy
686,Taisei Ichikawa,23,43,+1,25,2,,Japan
687,Liam Gavrielides,20,43,+8,28,,,Germany
688,Gabriel Decamps,24,42,-2,12,,,Brazil
689,Michael Agwi,20,42,+11,14,,,
690,Daniel Paty,24,42,-2,16,,,Czech Republic
691,Thiemo de Bakker,35,42,,16,1,,Netherlands
692,Takuya Kumasaka,25,42,,23,,,Japan
693,Conner Huertas del Pino,28,41,-2,11,,,
694,Mirza Basic,32,41,-11,15,4,,
695,Alfredo Perez,26,41,-3,16,3,,United States
696,Jaimee Floyd Angele,23,41,+1,19,8,,France
697,Lorenzo Carboni,18,41,-2,21,1,,Italy
698,Simon Beaupain,24,41,+9,25,2,,
699,Millen Hurrion,24,41,,26,,,
700,Patrik Rikl,25,40,,6,,,Czech Republic
701,JiSung Nam,30,40,,8,,,
702,Rodrigo Pacheco Mendez,18,40,,14,,,
703,Fabien Salle,24,40,+16,18,,,France
704,Deney Wassermann,22,40,,21,,,Netherlands
705,Alexandre Aubriot,24,40,+5,26,16,,France
706,Niki Kaliyanda Poonacha,28,39,,16,8,,
707,Joshua Sheehy,27,39,,22,15,,United States
708,Sebastian Sorger,18,39,,26,,,
709,Jimmy Yang,26,38,+2,19,1,,Germany
710,Lewie Lane,23,38,,24,1,,Germany
711,Juan Bautista Otegui,25,38,+2,27,2,,Argentina
712,Zura Tkemaladze,23,38,,28,,,
713,Facundo Juarez,26,37,-3,15,,,Italy
714,Sidharth Rawat,30,37,,18,2,,
715,Dominik Kellovsky,27,37,+1,22,,,Czech Republic
716,Linang Xiao,24,37,+1,23,1,,China
717,Amr Elsayed,25,37,+4,27,9,,
718,Peter Benjamin Privara,19,37,-1,29,,,
719,Fabrizio Andaloro,23,36,,17,,,Italy
720,Alejandro Manzanera Pertusa,20,36,,20,1,,Spain
721,Aziz Ouakaa,24,36,+3,36,1,,
722,Oliver Tarvet,20,35,,6,,,
723,Eliot Spizzirri,22,35,,10,,,United States
724,Vasek Pospisil,33,35,,11,,,Canada
725,Johannus Monday,22,35,,13,,,
726,Edward Winter,19,35,-3,15,,,Australia
727,Peter Bertran,28,35,,18,,,
728,John Echeverria,22,35,-25,18,,,Spain
729,Marcel Zielinski,23,35,-1,20,,,Poland
730,Jiri Barnat,22,35,,21,5,,Czech Republic
731,Ilya Snitari,21,35,,24,,,
732,Karan Singh,20,35,,25,4,,
733,Alexandros Skorilas,24,35,+2,27,,,Greece
734,Igor Gimenez,24,35,,31,,,Brazil
735,Tiago Pereira,19,35,,32,,,Portugal
736,Julio Cesar Porras,26,34,,11,,,Argentina
737,Patrick Brady,19,34,,20,1,,
738,Hanyi Liu,22,34,+3,23,,,China
739,Jakob Schnaitter,28,34,-1,23,2,,Germany
740,Mario Gonzalez Fernandez,21,34,,27,,,Spain
741,Jacob Brumm,25,34,,29,,,United States
742,Palaphoom Kovapitukted,24,33,,13,1,,
743,Maxence Rivet,20,33,,16,,,France
744,Felix Corwin,27,33,+1,16,,,United States
745,Adam Moundir,28,33,,19,2,,
746,Daisuke Sumizawa,25,33,,20,,,Japan
747,Simon Anthony Ivanov,23,33,,21,1,,Bulgaria
748,Tao Mu,23,33,-9,26,2,,China
749,Thomas Fancutt,29,32,-18,18,2,,Australia
750,Milos Karol,21,32,+4,22,,,
751,Max Wiskandt,22,32,+4,25,,,Germany
752,Aleksandr Braynin,24,32,-2,26,4,,
753,Alec Beckley,22,32,+1,27,1,,
754,Calin Manda,25,32,,30,4,,
755,Petr Nouza,25,31,,6,,,Czech Republic
756,Jack Pinnington Jones,20,31,,7,,,
757,Alex Martinez,22,31,,9,,,Spain
758,Aoran Wang,27,31,,13,,,China
759,Xiaofei Wang,21,31,,18,1,,China
760,Diego Fernandez Flores,23,31,-2,25,,,Chile
761,Jeremy Chardy,37,30,,5,,,France
762,Cash Hanzlik,21,30,,11,,,United States
763,Mae Malige,17,30,+15,11,,,France
764,Harrison Adams,29,30,+1,11,,,United States
765,Jeremy Jin,19,30,,15,2,,Australia
766,William Grant,23,30,,15,,,United States
767,Alejo Lorenzo Lingua Lavallen,23,30,-1,16,,,Argentina
768,Juan Carlos Aguilar,25,30,-3,20,,,Canada
769,Antoine Ghibaudo,19,30,-2,21,8,,France
770,Fernando Verdasco,40,29,,9,,,Spain
771,Shunsuke Mitsui,21,29,,10,,,Japan
772,Aldin Setkic,36,29,,13,2,,
773,Patrick Kaukovalta,25,29,,14,,,Finland
774,Emile Hudd,23,29,,16,,,
775,Viktor Jovic,22,29,,17,,,Serbia
776,Axel Nefve,23,29,+1,18,,,United States
777,Pedro Araujo,21,29,,22,1,,Portugal
778,Michiel De Krom,25,29,,23,,,Netherlands
779,Bjorn Fratangelo,30,28,-12,5,,,United States
780,Henry Searle,17,28,,13,1,,
781,Cyril Vandermeersch,24,28,+2,17,,,France
782,Alessandro Pecci,22,28,,17,,,Italy
783,Ray Ho,24,28,-2,18,8,,
784,Colin Markes,27,28,,23,1,,United States
785,Grigoriy Lomakin,26,28,,27,,,
786,Kokoro Isomura,21,28,-1,28,1,,Japan
787,Karim-Mohamed Maamoun,32,27,,9,,,
788,Oleksandr Ovcharenko,22,27,,10,2,,
789,Yaroslav Demin,18,27,,14,,,Russia
790,Petr Bar Biryukov,22,27,,15,,,Russia
791,Noah Schachter,24,27,+3,19,,,United States
792,Wishaya Trongcharoenchaikul,28,27,,26,,,
793,Leonardo Rossi,21,27,-1,26,1,,Italy
794,Mitsuki Wei Kang Leong,19,27,+1,27,1,,
795,Uisung Park,23,26,,3,,,
796,Pierre Yves Bailly,20,26,,5,,,
797,Alexander Stater,24,26,,7,,,United States
798,Branko Djuric,19,26,+9,7,,,Serbia
799,Filippo Moroni,23,26,,8,,,Italy
800,Edan Leshem,26,26,,9,5,,
801,Ignacio Antonio Becerra Otarola,23,26,+2,12,,,Chile
802,Dan  Martin,24,26,,15,,,Canada
803,Jonathan Mridha,28,26,-1,15,1,,
804,Maxime Mora,26,26,,17,,,France
805,Joao Domingues,30,26,,21,,,Portugal
806,Erik Arutiunian,19,26,+1,25,,,
807,Matthew William Donald,19,26,,28,,,Czech Republic
808,Jeremy Beale,29,25,,4,1,,Australia
809,Shinji Hazawa,24,25,,9,,,Japan
810,Gergely Madarasz,29,25,+4,11,,,Hungary
811,Brandon Walkin,29,25,,16,,,
812,Massimo Giunta,19,25,-1,17,,,Italy
813,Stijn Slump,25,25,+15,19,,,Netherlands
814,Patrick Zahraj,24,25,+1,20,,,Germany
815,Florian Broska,26,25,-1,25,,,Germany
816,Thomas Setodji,28,24,,2,,,France
817,Pablo Cuevas,38,24,,5,,,
818,Tauheed Browning,21,24,,6,,,United States
819,Aidan Kim,19,24,,9,,,United States
820,Bautista Vilicich,22,24,,13,,,Argentina
821,Aliaksandr Liaonenka,25,24,-4,13,,,
822,Adit Sinha,20,24,,13,,,United States
823,Ryoatro Taguchi,23,24,,14,,,Japan
824,Lilian Marmousez,22,24,,15,2,,France
825,Alan Fernando Rubio Fierros,25,24,,16,2,,
826,David Perez Sanz,29,24,-18,19,,,Spain
827,Alejandro Hoyos,24,24,,22,8,,Colombia
828,Pietro Marino,22,24,,22,,,Italy
829,Ishaque Eqbal,26,24,-1,22,,,
830,Adam Neff,22,23,,9,,,United States
831,Maxence Broville,25,23,-4,9,3,,France
832,Yeong-Seok Jeong,24,23,,12,,,
833,Bang Shuo Yin,25,23,,12,,,
834,Peter Buldorini,19,23,+2,14,,,Italy
835,Ofek Shimanov,18,23,,14,,,
836,Kody Pearson,24,23,,18,,,Australia
837,Mateo Barreiros Reyes,23,23,,19,1,,Brazil
838,Kai Lemstra,24,23,,20,3,,Germany
839,Seydina Andre,20,23,,21,,,
840,Niccolo Catini,26,23,,22,1,,Italy
841,Mili Poljicak,19,23,,23,,,Croatia
842,Samir Hamza Reguig,22,23,+1,32,,,
843,Arthur Reymond,24,22,-10,8,1,,France
844,Patrick Maloney,24,22,,11,,,United States
845,Luke Simkiss,25,22,,12,,,
846,Daniel Little,26,22,,14,,,
847,Thomas Braithwaite,24,22,,21,,,Australia
848,Luigi Sorrentino,25,22,,21,1,,Italy
849,Andrea Bacaloni,21,22,+2,24,4,,Italy
850,Iiro Vasa,21,21,,4,,,Finland
851,Murphy Cassone,21,21,,7,1,,United States
852,Isaac Becroft,23,21,,9,,,
853,Mats Moraing,31,21,,9,,,Germany
854,Iliyan Radulov,18,21,,11,,,Bulgaria
855,Guy Den Heijer,26,21,+1,15,,,Netherlands
856,Henrik Wiersholm,26,21,,16,,,United States
857,Joao Eduardo Schiessl,19,21,,17,,,Brazil
858,Mark Whitehouse,30,21,-1,20,,,
859,Nicolas Tepmahc,22,21,,20,3,,France
860,Maik Steiner,29,21,+3,23,,,Germany
861,Michael Zhu,31,21,-1,23,,,United States
862,Boris Butulija,25,21,+1,28,1,,Serbia
863,Soonwoo Kwon,26,20,,6,,,
864,Fnu Nidunjianzan,20,20,,5,,,China
865,Brayden Schnur,28,20,,6,,,Canada
866,Etienne Donnet,23,20,,7,,,France
867T,Luciano Carraro,25,20,,9,,,Italy
867T,Amit Vales,18,20,+2,9,,,
869,Oliver Ojakaar,19,20,+4,10,,,
870,Calum Puttergill,30,20,,10,,,Australia
871,Bogdan Pavel,24,20,+1,12,,,
872,Daniel Rodrigues,24,20,-1,12,,,Portugal
873,Max Dahlin,18,20,,12,,,
874,Jorge Panta,28,20,,13,,,
875,Fran√ßois Musitelli,25,20,,14,10,,France
876,Yunseok Jang,20,20,-1,18,8,,
877,Manish Sureshkumar,24,20,,18,1,,
878,Leo Vithoontien,24,20,,19,,,Japan
879,Aleksandre Metreveli,30,20,,20,3,,
880,Jasza Szajrych,21,20,+1,21,,,Poland
881,John Sperle,22,20,+1,21,,,Germany
882,Ignacio Carou,24,20,-1,22,1,,
883,Gage Brymer,29,20,,23,1,,United States
884,Samuele Pieri,22,20,+1,23,1,,Italy
885,Arjun Kadhe,30,19,,3,,,
886,Franco Emanuel Egea,28,19,-1,8,,,Argentina
887,Mees Rottgering,16,19,+1,9,,,Netherlands
888,Andrea Arnaboldi,36,19,-2,11,2,,Italy
889,Jayden Court,23,19,+1,12,,,Australia
890,Collin Altamirano,28,19,,16,,,United States
891,Aleksandre Bakshi,26,19,+1,16,2,,
892,Stefan Palosi,24,19,+2,17,,,
893,David Poljak,27,19,,18,,,Czech Republic
894,Nikolay Nedelchev,20,19,,19,4,,Bulgaria
895,Louis Tessa,25,19,,19,,,France
896,Maxim Zhukov,19,19,+3,20,,,Russia
897,Luca Fantini,23,19,,20,,,Italy
898,Preston Brown,22,19,,21,1,,United States
899,Justin Roberts,27,19,,21,,,
900,Oscar Jose Gutierrez,30,19,,24,3,,Brazil
901,Pierre Delage,23,19,+1,27,,,France
902,Simone Roncalli,27,18,,6,6,,Italy
903,Emilien Demanet,18,18,+1,8,,,
904,Guy Orly Iradukunda,27,18,,9,,,
905,Manuel Mazza,24,18,,9,3,,Italy
906,Yanis Ghazouani Durand,23,18,+8,9,,,France
907,Pavle Marinkov,18,18,,10,,,Australia
908,Daniel Antonio Nunez,22,18,,11,,,Chile
909,Riccardo Balzerani,25,18,-4,12,1,,Italy
910,Yi Zhou,19,18,,14,,,China
911,Federico Bondioli,18,18,,14,1,,Italy
912,Johannes Haerteis,28,18,,14,,,Germany
913,Jumpei Yamasaki,26,18,,14,,,Japan
914,Francisco Rocha,24,18,+1,15,,,Portugal
915,Thanapet Chanta,24,18,+1,15,,,
916,Tuncay Duran,19,18,,16,4,,
917,Vito Tonejc,24,18,,16,,,Croatia
918,Benjamin Winter Lopez,25,18,,17,,,Spain
919,Chukang Wang,24,18,,17,,,China
920,Juan Manuel La Serna,20,18,-1,18,,,Argentina
921,Gabriele Bosio,23,18,+1,20,2,,Italy
922,Siem Woldeab,22,17,,2,,,United States
923,Adrian Bodmer,29,17,+15,4,,,Switzerland
924,Daniil Ostapenkov,20,17,,11,,,
925,Christian Sigsgaard,27,17,,11,1,,Denmark
926,Jack Loutit,19,17,,12,,,
927,Lukas Rosol,38,17,-3,12,3,,Czech Republic
928,Alexandre Reco,24,17,,15,5,,France
929,Kalman L. Boyd,26,17,,15,,,United States
930,Yannik Steinegger,23,17,,17,,,Switzerland
931,Daniel Bagnolini,21,17,,19,,,Italy
932,Tomas Lanik,21,17,,23,1,,
933,Raphael Perot,22,16,,2,,,France
934,John Millman,34,16,,2,,,Australia
935,Jacopo Berrettini,25,16,-5,7,,,Italy
936,Samir Banerjee,20,16,,11,,,United States
937,Alexander Kotzen,23,16,,12,,,United States
938,Gian Matias Di Natale,26,16,,14,1,,Italy
939,Matt Hulme,25,16,,14,,,Australia
940,Derek Pham,19,16,-1,16,,,Australia
941,Jesse Flores,28,16,+1,16,,,
942,Lucas Bouquet,26,16,+1,17,,,France
943,Koray Kirci,25,16,,18,2,,
944,Matthias Ujvary,19,16,+2,18,,,
945,Alexander Donski,25,16,+1,21,,,Bulgaria
946,Fares Zakaria,22,16,+9,22,,,
947,Niklas Schell,25,16,,26,1,,Germany
948,Kosuke Ogura,28,16,-2,26,1,,Japan
949,Fermin Tenti,26,16,-2,28,,,Argentina
950,Jeffrey Von Der Schulenburg,22,15,,4,,,Switzerland
951,Marcelo Zormann,27,15,,5,,,Brazil
952,Hunter Heck,21,15,,8,,,United States
953,Marc Majdandzic,19,15,+1,8,,,Germany
954,Masamichi Imamura,25,15,+1,8,,,Japan
955,Rei Sakamoto,17,15,,9,,,Japan
956,Jaycer Lyeons,23,15,+1,12,,,United States
957,Keshav Chopra,22,15,,13,,,United States
958,Ivan Marrero Curbelo,25,15,+3,14,,,Spain
959,Quentin Folliot,25,15,+1,15,,,France
960,Paulo Andre Saraiva Dos Santos,23,15,,17,2,,Brazil
961,Bruno Pujol Navarro,22,15,,20,2,,Spain
962,Axel Garcian,21,15,+2,21,,,France
963,Ben Jones,25,15,-6,26,,,
964,Jack Anthrop,20,14,,7,,,United States
965,Boris Pokotilov,26,14,+1,11,,,Russia
966,Fons Van Sambeek,22,14,,11,,,Netherlands
967,Juan Sebastian Gomez,32,14,,12,,,Colombia
968,Kareem Al Allaf,25,14,,13,3,,United States
969,Hayato Matsuoka,19,14,,14,,,Japan
970,Andrew Fenty,24,14,+3,14,,,United States
971,A.J. Catanzariti,28,14,,15,1,,United States
972,Marco Miceli,25,14,-1,15,,,Italy
973,Rafael Tosetto,24,14,+1,17,,,Brazil
974,Jake Van Emburgh,25,14,,18,,,United States
975,Gabriel Donev,27,14,+1,20,,,Bulgaria
976,Michael Bassem Sobhy,19,14,+3,20,1,,
977,Keisuke Saitoh,22,14,,23,3,,Japan
978,Stefano Reitano,26,14,,24,,,Italy
979,Paul Woerner,27,14,,25,,,Germany
980,Sekou Bangoura,32,13,,5,1,,United States
981,Noah Rubin,28,13,,5,,,United States
982,Theo Papamalamis,18,13,+12,6,,,France
983,Raphael Lambling,23,13,,7,,,France
984,Tyler Stice,23,13,,8,,,United States
985,Elgin Khoeblal,22,13,,9,,,Netherlands
986,Joaquin Aguilar Cardozo,18,13,+3,10,,,
987,Maciej Rajski,32,13,,11,,,Poland
988,Ali Habib,21,13,,14,,,
989,Mariano Tammaro,20,13,,14,,,Italy
990,Philip Florig,20,13,,14,1,,Germany
991,Sheng Tang,24,13,,15,,,China
992,Daniel De Jonge,24,13,,15,,,Netherlands
993,Brian Bozemoj,20,13,,16,,,Netherlands
994,Corban Crowther,20,13,+1,19,,,
995,Leopold Zima,23,13,-1,20,,,Germany
996,Jack Loge,19,13,+1,20,,,
997,Pablo Trochu,20,13,+1,22,1,,France
998,Dax Donders,23,13,,25,1,,Netherlands
999,Gabriele Maria Noce,28,13,+1,25,,,Italy
1000,Benjamin Thomas George,21,12,,4,,,Canada
1001,Kuan-Yi Lee,27,12,,7,,,
1002,Matt Kuhar,27,12,,8,,,United States
1003,Perry Gregg,23,12,,8,,,United States
1004,Marcus McDaniel,21,12,,8,,,United States
1005,Rimpei Kawakami,23,12,,9,4,,Japan
1006,George Houghton,25,12,,11,,,
1007,Eero Vasa,27,12,,12,,,Finland
1008,Igor Kudriashov,20,12,-2,12,,,Russia
1009,Matias Zukas,27,12,-1,13,,,Argentina
1010,Ioan Alexandru Chirita,21,12,,13,,,
1011,Ryan James Storrie,26,12,,14,,,
1012,Louis Dussin,24,12,,15,,,France
1013T,Tomas Curras Abasolo,23,12,-1,15,1,,Spain
1013T,Andrea Gola,22,12,+1,15,,,Italy
1015,Sean Hess,22,12,+1,16,,,Argentina
1016,Koki Matsuda,23,12,,18,,,Japan
1017,Nicolas Parizzia,25,12,-1,18,,,Switzerland
1018,Johannes Ingildsen,26,12,-1,19,,,Denmark
1019,Valerio Perruzza,23,12,-1,20,,,Italy
1020,Jesse Delaney,25,12,,21,,,Australia
1021,Noah Lopez,22,12,,22,,,Switzerland
1022,Nitin Kumar Sinha,25,12,,23,1,,
1023,Kyle Seelig,26,11,,3,,,United States
1024,Johan Nikles,26,11,,4,,,Switzerland
1025,Pablo Masjuan Ginel,21,11,,5,,,Spain
1026,Luciano Tacchi,22,11,,5,,,Argentina
1027,Petr Brunclik,17,11,+1,6,,,Czech Republic
1028,Ryota Tanuma,28,11,,7,,,Japan
1029,Scott Jones,26,11,,8,,,Australia
1030,Kenta Miyoshi,20,11,,9,,,Japan
1031,Dylan Dietrich,19,11,,9,,,Switzerland
1032,Luca Tomasetto,27,11,-1,10,5,,Italy
1033,Artur Kukasian,19,11,+4,11,,,Russia
1034,Darwin Blanch,16,11,+5,12,,,United States
1035,Adam Heinonen,21,11,,12,,,
1036,Filippo Romano,18,11,+1,13,,,Italy
1037,Pablo Carreno Busta,32,11,,14,,,Spain
1038,Siddhant Banthia,23,11,,15,,,
1039,Szymon Kielan,21,11,+1,16,2,,Poland
1040,Joshua Goodger,25,11,,17,1,,
1041,Seita Watanabe,23,11,+1,18,,,Japan
1042,Naoki Tajima,23,11,,18,1,,Japan
1043,Woobin Shin,20,11,,22,,,
1044,Dragos Nicolae Cazacu,20,11,+1,25,,,
1045,Aleksandr Lobanov,22,11,-2,26,,,Russia
1046,Attila Balazs,35,10,,2,,,Hungary
1047,Marin Cilic,35,10,,15,,,Croatia
1048,Bradley Klahn,33,10,,2,,,United States
1049,Robert Cash,23,10,,2,,,United States
1050,Sebastian Gorzny,20,10,,5,,,United States
1051,Alejandro Garcia,22,10,,6,,,Spain
1052,Karlis Ozolins,21,10,,6,,,
1053,Trevor Svajda,17,10,,6,,,United States
1054,Alexander Bernard,20,10,,7,,,United States
1055,Cooper Williams,18,10,,7,,,United States
1056,Matthew Christopher Romios,24,10,,7,1,,Australia
1057,Arda Azkara,21,10,,7,,,
1058,Hayden Jones,17,10,,8,,,Australia
1059,Daniel Khazime,19,10,,8,,,Russia
1060,Zhao Zhao,24,10,,9,,,China
1061,Joel Josef Schwaerzler,18,10,,9,4,,
1062,Maxwell Mckennon,21,10,,9,,,United States
1063,Ron Ellouck,19,10,,11,1,,
1064,Carlo Alberto Fossati,25,10,+1,11,,,Italy
1065,Kristjan Tamm,25,10,,11,,,
1066,Stijn Pel,21,10,,12,,,Netherlands
1067,Gianluca Cadenasso,19,10,,13,,,Italy
1068,Kane Bonsach Ganley,19,10,,15,,,Denmark
1069,Alexandr Binda,22,10,-9,15,,,Italy
1070,Pruchya Isaro,28,10,,16,,,
1071,Gorazd Srbljak,26,10,,16,,,
1072,Leonid Sheyngezikht,23,10,+1,18,,,Bulgaria
1073,Osgar O'Hoisin,27,10,,19,3,,
1074,Arvid Nordquist,25,10,,19,,,
1075,Cengiz Aksu,25,10,,19,,,
1076,Lucas Miedler,27,9,,1,,,
1077,Jonah Braswell,20,9,,3,,,United States
1078,Rafael Izquierdo Luque,24,9,,4,,,Spain
1079,Federico Cina,16,9,,6,,,Italy
1080,Karl Poling,24,9,,6,,,United States
1081,Micah Braswell,22,9,,6,,,United States
1082,Robin Catry,22,9,,7,,,France
1083,Tomasz Berkieta,17,9,+4,8,2,,Poland
1084T,Mikhail Gorokhov,20,9,+2,8,,,Russia
1084T,Mitchell Harper,26,9,,8,,,Australia
1086,Nikoloz Basilashvili,32,9,-8,8,,,
1087,Devin Badenhorst,19,9,,10,,,
1088,Fernando Yamacita,26,9,-8,11,,,Brazil
1089,Ioannis Xilas,22,9,+4,12,1,,Greece
1090,Alessandro Bellifemine,22,9,,12,,,Italy
1091,Trey Hilderbrand,23,9,+1,12,,,United States
1092,Younes Lalami Laaroussi,22,9,,13,,,
1093,Seon Yong Han,23,9,+1,13,,,
1094,Thantub Suksumrarn,22,9,,13,,,
1095,Jan Hrazdil,19,9,,13,,,Czech Republic
1096,Sergio Callejon Hernando,19,9,+2,14,1,,Spain
1097,Rrezart Cungu,25,9,-6,14,1,,
1098,Lukas Palovic,22,9,,15,,,
1099,Giannicola Misasi,23,9,,16,,,Italy
1100,Pietro Pampanin,21,9,,16,,,Italy
1101,Saveliy Ivanov,19,9,+4,17,1,,Russia
1102,Jonas Trinker,28,9,,17,,,
1103,Filippo Speziali,23,9,-1,19,,,Italy
1104,Juan Sebastian Osorio,26,9,+1,19,1,,Colombia
1105,Federico Campana,25,9,+1,19,,,Italy
1106,Kazuma Kawachi,29,9,-3,20,,,Japan
1107,Dhakshineswar Suresh,23,8,,1,,,
1108,Henry Von Der Schulenburg,24,8,,3,,,Switzerland
1109,Hendrik Jebens,28,8,,3,,,Germany
1110,Luca Preda,17,8,,4,,,
1111,Luis Carlos Alvarez,19,8,,4,,,
1112,Casey Hoole,21,8,,4,,,Australia
1113,Walid Ahouda,20,8,,4,,,
1114T,Hyeon Chung,27,8,,5,,,
1114T,Guillaume Dalmasso,21,8,,5,,,France
1116,Pawit Sornlaksup,24,8,,5,,,
1117,Mirko Martinez,25,8,-8,6,,,Switzerland
1118,Sebastian Dominko,20,8,,6,,,
1119,Jordan Hasson,24,8,,7,,,
1120,Danil Panarin,19,8,,7,,,Russia
1121,Ezequiel Monferrer,20,8,+1,8,,,Argentina
1122,Aryan Shah,18,8,,8,,,
1123T,Stylianos Christodoulou,19,8,,9,1,,
1123T,Arthur Nagel,20,8,,9,,,France
1125,Sina Moghimi,22,8,-1,9,1,,
1126,Thomas Deschamps,25,8,+4,9,1,,France
1127,Warren Wood,30,8,,10,,,United States
1128,Dominik Recek,29,8,,10,,,Czech Republic
1129,David Fix,19,8,,11,,,Germany
1130,Milan Drinic,26,8,,11,1,,Serbia
1131,Lucio Carnevalle,22,8,,11,,,Argentina
1132,Pietro Fellin,22,8,,11,,,Italy
1133,Wissam Abderrahman,20,8,,12,1,,
1134,Christopher Bulus,23,8,,12,,,
1135,Nicolas Villalon,20,8,,13,,,Chile
1136,Taiyo Yamanaka,22,8,-2,15,,,Japan
1137,Oscar Weightman,22,8,,15,,,
1138,Elio Jose Ribeiro Lago,26,8,,16,,,Italy
1139,Juan Estevez,18,8,,16,,,Argentina
1140,Giovanni Calvano,26,8,+1,16,1,,Italy
1141,Nicolas Kobelt,19,8,,17,2,,Switzerland
1142,Benjamin Pietri,27,8,+2,18,,,France
1143,Loann Massard,18,8,,20,1,,France
1144T,Reilly Opelka,26,7,,3,,,United States
1144T,Charlie Robertson,17,7,,3,,,
1146,James Connel,21,7,,3,,,
1147T,Jonas Eriksson Ziverts,25,7,,4,,,
1147T,Ryan Fishback,21,7,,4,,,United States
1149,Volodymyr Iakubenko,18,7,,6,,,
1150,Blu Baker,22,7,,7,,,
1151,Alexander Petrov,22,7,,7,,,United States
1152,Daniel Siniakov,21,7,,8,,,Czech Republic
1153,Jurriaan Bol,22,7,,8,,,Netherlands
1154,Chase Ferguson,25,7,,9,,,Australia
1155,Nicolas Alvarez Varona,22,7,,9,,,Spain
1156,Carlo Alberto Caniato,18,7,,9,,,Italy
1157T,Romain Faucon,21,7,,9,,,
1157T,Tim Ruehl,25,7,,9,,,Germany
1159,Rodrigo Fernandes,17,7,,10,,,Portugal
1160,Mousa Alkotop,25,7,+1,10,,,
1161T,Charlie Camus,17,7,+2,10,1,,France
1161T,Mark Wallner,24,7,,10,,,Germany
1163,Niccolo Baroni,20,7,+1,10,,,Italy
1164,Alexander Klintcharov,27,7,,11,,,
1165,Milan Welte,22,7,,11,,,Germany
1166T,Ivan Denisov,23,7,+1,11,,,Russia
1166T,Ryotero Matsumura,27,7,,11,,,Japan
1166T,Michael Shaw,25,7,,11,2,,
1169,Tomohiro Masabayashi,26,7,,11,,,Japan
1170,Maxence Bertimon,24,7,,12,,,France
1171,Alejandro Melero Kretzer,19,7,,12,3,,Spain
1172,Corey Gaal,26,7,,12,,,Australia
1173,Samuel Puskar,23,7,,12,,,
1174,Francesco Ferrari,26,7,+1,14,,,Italy
1175T,Mateo Del Pino,20,7,,14,,,Argentina
1175T,Sean Hodkin,25,7,,14,,,
1177,Mihai Razvan Marinescu,22,7,,15,,,
1178,Nikita Mashtakov,25,7,,15,,,
1179,Nikola Basic,22,7,,15,,,Croatia
1180,Yuichiro Inui,28,7,,15,1,,Japan
1181,Cayetano March,23,7,,17,,,
1182,Sergei Pogosian,25,7,,18,2,,Russia
1183,Robin Haase,36,6,,1,,,Netherlands
1184,Donald Young,34,6,,2,,,United States
1185,Reda Bennani,17,6,,4,,,
1186T,Karol Drzewiecki,28,6,,4,2,,Poland
1186T,Marsel Ilhan,36,6,,4,,,
1188,Radomir Tomic,19,6,,4,,,
1189,Govind Nanda,23,6,,4,,,United States
1190,Gerard Planelles Ripoll,20,6,,5,,,Spain
1191T,Jakub Filip,18,6,,6,,,Czech Republic
1191T,Elijah Strode,22,6,,6,,,United States
1193,Matej Vocel,26,6,,6,,,Czech Republic
1194,Yannik Rahman,19,6,,6,,,United States
1195,Nicholas Godsick,19,6,,6,,,United States
1196,Toby Martin,31,6,,7,,,
1197,Isaiah Strode,26,6,-2,8,,,United States
1198,Madhwin Kamath,22,6,,8,,,
1199,Romeo Hadzimehmedovic,19,6,,8,,,Serbia
1200T,Kristijan Juhas,22,6,,8,,,Serbia
1200T,Sergis Kyratzis,28,6,,8,,,
1200T,Andrea  Militi Ribaldi,24,6,,8,,,Italy
1200T,Manuel Mouilleron Salvo,20,6,+1,8,,,Argentina
1204,Vincent Marysko,18,6,+1,8,,,Germany
1205T,Noah Perfetti,22,6,+1,9,,,Italy
1205T,Gianni Ross,25,6,,9,1,,United States
1207,Jannik Maute,20,6,,9,,,Germany
1208,Taym Al Azmeh,19,6,,9,,,Germany
1209T,Taha Baadi,22,6,,10,,,Canada
1209T,Yamato Sueoka,21,6,,10,,,Japan
1211T,Matic Kriznik,18,6,+1,10,,,
1211T,Patrick Schoen,18,6,,10,,,Switzerland
1213,Dominik Boehler,28,6,-1,11,,,Germany
1214,Alejandro Juan Mano,19,6,,11,,,Spain
1215T,Adriano Dzhenev,18,6,,11,,,Bulgaria
1215T,Lior Goldenberg,24,6,,11,,,
1215T,Raghav Jaisinghani,26,6,,11,,,
1218,Evan Bynoe,24,6,-1,11,,,United States
1219,Menelaos Efstathiou,25,6,,12,,,
1220,Qian Sun,22,6,,13,,,China
1221,Sarp Agabigun,26,6,,13,,,
1222,Miha Vetrih,21,6,,13,,,
1223,Denis Spiridon,21,6,,14,,,Italy
1224T,Illya Beloborodko,22,6,,14,,,
1224T,Omar Brigida,24,6,-1,14,,,Italy
1226,Alexander Chepik,27,6,,15,1,,Russia
1227T,Stefan Adrian Andreescu,22,6,+3,15,1,,
1227T,Patrik Oplustil,18,6,,15,,,Czech Republic
1229,Joao Victor Couto Loureiro,20,6,,19,,,Brazil
1230,Thiago Cigarran,23,6,,21,,,Argentina
1231T,Inigo Cervantes,34,5,,1,,,Spain
1231T,Fernando Romboli,35,5,,1,,,Brazil
1233,Aleksa Mardjonovic,21,5,,3,,,Serbia
1234,Kaito Uesugi,28,5,,3,,,Japan
1235,Nikola Kolyachev,20,5,,3,,,Bulgaria
1236T,Tadeas Paroulek,24,5,,4,,,Czech Republic
1236T,Giulio Perego,20,5,,4,,,Italy
1238,Cing-Yang Meng,25,5,,4,,,
1239,Alessandro Ingarao,24,5,,5,,,Italy
1240T,Michal Krajci,19,5,+2,5,,,
1240T,Jean-Christian Morandais,20,5,,5,,,
1242,Braden Shick,20,5,,5,,,United States
1243T,Loic Namigandet Tenguere,25,5,,6,,,France
1243T,Pavlos Tsitsipas,18,5,,6,,,Greece
1245T,Alessio Basile,19,5,,6,,,
1245T,Cesar Bouchelaghem,19,5,,6,,,France
1245T,Miles Jones,23,5,+1,6,,,United States
1248,Petr Iamachkine,27,5,+1,6,,,
1249,Drew Van Orderlain,29,5,+4,7,,,United States
1250T,Paul Cayre,28,5,,7,1,,France
1250T,Aleksander Chayka,19,5,,7,,,Russia
1250T,Thijmen Loof,21,5,,7,1,,Netherlands
1250T,Andrew Rogers,25,5,,7,3,,United States
1254T,Tanguy Genier,26,5,,7,,,Switzerland
1254T,Alexandru Jecan,35,5,,7,,,
1254T,Alexander Razeghi,17,5,,7,,,United States
1254T,Ricardo Rodriguez - Pace,30,5,,7,,,
1258,Michele Ribecai,21,5,+2,7,,,Italy
1259,Daniele Rapagnetta,17,5,,8,,,Italy
1260,Antonio Caruso,24,5,,8,,,Italy
1261T,Ko Suzuki,32,5,,8,,,Japan
1261T,Linghao Zhang,21,5,,8,,,China
1263T,Fadi Bidan,18,5,+3,8,,,
1263T,Pol Wattanakul,28,5,,8,,,
1265T,Demetris Azoides,23,5,,9,,,Greece
1265T,Yuttana Charoenphon,23,5,,9,,,
1265T,Nicaise Muamba,23,5,,9,,,Canada
1265T,Rayane Oumaouche,26,5,,9,,,France
1265T,Pavel Verbin,22,5,+2,9,,,Russia
1270T,Markos Kalovelonis,29,5,,9,1,,Greece
1270T,Ewen Lumsden,24,5,,9,,,
1272,Sean Cuenin,20,5,-8,10,,,France
1273T,Finn Bass,24,5,+1,10,,,
1273T,Luke Sorensen,22,5,,10,,,Australia
1275T,Alessandro Cortegiani,28,5,,10,,,Italy
1275T,Tyler Zink,23,5,,10,,,United States
1277T,Rodrigo Alujas,21,5,,10,,,
1277T,Alberto Odiseo Alvarado Berrospi,23,5,,10,,,
1277T,Arthur Bonnaud,26,5,,10,,,France
1277T,Benedikt Henning,26,5,,10,,,Germany
1277T,Duje Kekez,30,5,,10,1,,Croatia
1282T,Nikos Lehmann,18,5,,10,,,Argentina
1282T,Maxim Shin,20,5,+2,10,,,
1284T,Bruno Fernandez,19,5,,11,,,Brazil
1284T,Zach Stephens,17,5,,11,1,,
1284T,Marcus Walters,25,5,+1,11,,,
1287,Yannik Kelm,19,5,,11,,,Germany
1288T,Fabio Coelho,23,5,-1,12,3,,Portugal
1288T,Adan Freire Da Silva,24,5,+1,12,,,France
1290T,Mohamed Nazim Makhlouf,27,5,+1,12,,,
1290T,Michal Mikula,24,5,,12,,,Poland
1290T,Vuk Radjenovic,18,5,,12,2,,Serbia
1290T,Nathan Seateun,26,5,,12,,,France
1294,Nicolas Buitrago,25,5,,13,1,,Colombia
1295,Jaime Caldes,23,5,,14,,,Spain
1296,Issei Okamura,31,5,,14,,,Japan
1297,Chirag Duhan,20,5,,15,,,
1298,Nicolas Bruna,25,5,,17,,,Chile
1299T,Javier Marti,32,4,,1,,,Spain
1299T,Stijn Paardekooper,20,4,,1,,,Netherlands
1301T,Jurgen Briand,25,4,,2,4,,France
1301T,Nicolai Budkov Kjaer,17,4,+4,2,,,Norway
1301T,Jay Dylan Hara Friend,20,4,,2,,,Japan
1301T,Islam Orynbasar,19,4,-1,2,,,
1305T,Geun Jun Kim,22,4,,2,,,
1305T,Sebastian Sec,20,4,,2,,,United States
1305T,Connor Thomson,23,4,,2,,,
1308T,Ryan Harrison,31,4,,2,,,United States
1308T,Karl Kazuma Lee,21,4,,2,,,United States
1308T,Zsombor Velcz,21,4,,2,,,Hungary
1308T,Federico Zeballos,35,4,+2,2,,,
1312T,Martin Klizan,34,4,,3,,,
1312T,Tom Schonenberg,32,4,,3,,,Germany
1314T,Hong Chung,30,4,,3,,,
1314T,Luc Koenig,20,4,,3,,,
1314T,Maxim Mrva,16,4,,3,,,Czech Republic
1317T,Ivan Liutarevich,28,4,,3,1,,
1317T,Jung Hee You,18,4,,3,,,Canada
1319T,Federico Aguilar Cardozo,18,4,,4,,,
1319T,Kylian Collignon,18,4,,4,,,
1321,Lorenzo Sciahbasi,18,4,,4,2,,Italy
1322T,Vitek Horak,21,4,,5,,,Czech Republic
1322T,Matteo Lavizzari,19,4,,5,,,Switzerland
1322T,Manuel Plunger,21,4,,5,,,Italy
1322T,Olle Wallin,22,4,,5,,,
1326T,Marko Maksimovic,18,4,,6,,,Serbia
1326T,Twan Van Zijl,21,4,,6,,,Netherlands
1328T,Daniele Capecchi,28,4,-4,6,3,,Italy
1328T,John Hallquist Lithen,22,4,,6,,,
1328T,Admir Kalender,23,4,,6,,,Croatia
1328T,Changli Zhang,25,4,,6,,,China
1332,Vlad Cristian Breazu,20,4,,6,,,
1333,Daniele Minighini,19,4,,7,,,Italy
1334,Akram El Sallaly,26,4,+3,7,,,
1335T,Francisco Pini,21,4,,7,,,Argentina
1335T,Ji Hoon Son,29,4,,7,,,
1337T,Mikail Alimli,20,4,,7,,,France
1337T,Samuel Brosset,26,4,,7,,,France
1337T,Pavel Nejedly,31,4,-1,7,2,,Czech Republic
1340,Luc Fomba,25,4,,7,,,France
1341T,Aaron Cohen,21,4,,8,,,
1341T,Adam Jones,25,4,,8,3,,
1341T,Giorgio Ricca,29,4,,8,,,Italy
1344,Manas Dhamne,16,4,,8,,,
1345T,Connor Farren,29,4,,8,,,United States
1345T,James Watt,23,4,,8,,,
1347T,Federico Bertuccioli,25,4,-3,8,,,Italy
1347T,Congsup Congcar,27,4,,8,,,
1347T,Sebastian Eriksson,18,4,,8,,,
1347T,Alejandro Turriziani Alvarez,21,4,+1,8,,,Spain
1347T,Facundo Yunis,21,4,,8,,,Germany
1352T,Mert Alkaya,23,4,-1,9,,,
1352T,Matyas Cerny,22,4,,9,,,Czech Republic
1352T,Mwendwa Mbithi,26,4,,9,,,United States
1355T,Boris Fassbender,25,4,,9,,,France
1355T,Nikita Ianin,22,4,,9,,,Russia
1355T,Brandon Perez,24,4,+2,9,,,
1355T,Vishnu Vardhan,36,4,,9,,,
1359T,Credit Chaiyarin,20,4,+2,10,,,
1359T,Zhenxiong Dong,25,4,,10,,,China
1361T,Mihai Alexandru Coman,19,4,,10,,,
1361T,Gabriel Elicha Navas,21,4,+1,10,,,Spain
1361T,Justin Engel,16,4,,10,,,Germany
1361T,Dimitris Sakellaridis,17,4,+2,10,,,Greece
1361T,Valentin Vanta,26,4,,10,,,
1361T,Ben Weintraub,20,4,+1,10,,,
1367,Anthony Genov,22,4,+2,11,,,Bulgaria
1368T,Dev Javia,22,4,,11,,,
1368T,Vit Kalina,18,4,,11,,,Czech Republic
1368T,Gian Marco Ortenzi,24,4,+2,11,,,Italy
1368T,Finn Reynolds,24,4,,11,,,
1372T,Matic Dimic,22,4,,12,,,
1372T,Lautaro Agustin Falabella,26,4,,12,,,Argentina
1372T,Michael Gloeckler,25,4,,12,,,
1375T,Jan Kupcic,22,4,,12,,,
1375T,Mattias Southcombe,20,4,,12,,,
1377,Vicente Oliver Moratalla,24,4,,13,1,,Spain
1378T,Sasa Markovic,18,4,,14,,,Serbia
1378T,Tai Sach,21,4,,14,,,Australia
1380T,Aleksa Pisaric,18,4,+1,15,,,Serbia
1380T,Leo Raquillet,18,4,,15,,,France
1382T,Nicolas Barrientos,36,3,,1,,,Colombia
1382T,Alexander Erler,26,3,,1,,,
1382T,Andrey Kuznetsov,33,3,,1,,,Russia
1382T,Federico Maccari,30,3,,1,,,Italy
1382T,Aleksander Orlikowski,20,3,,1,,,Poland
1382T,Filip Pieczonka,19,3,,1,,,Poland
1382T,Paul Valsecchi,26,3,+3,1,,,France
1382T,Qiulin Wang,21,3,,1,,,China
1382T,Zongbing Yu,28,3,,1,,,China
1391T,Nicolas Colne,20,3,,2,,,France
1391T,Joao Menezes,27,3,+3,2,,,Brazil
1391T,Chan-yeong Oh,25,3,,2,,,
1394T,Alberto Colas Sanchez,23,3,,2,,,Spain
1394T,Nicholas Heng,20,3,,2,,,United States
1396T,Lautaro Agustin Corthey,25,3,,3,,,Argentina
1396T,Antonio Prat,20,3,,3,,,Spain
1396T,Lambert Ruland,20,3,,3,,,Germany
1399T,Stepan Baum,20,3,-1,3,,,Czech Republic
1399T,Vladimir Bazilevskiy,18,3,,3,,,
1399T,Angel Diaz Jalil,22,3,,3,,,
1399T,Denis Petak,17,3,+1,3,,,Czech Republic
1399T,Jeremy Schifris,22,3,,3,,,Germany
1399T,Colton Smith,21,3,,3,,,United States
1399T,Preston Stearns,20,3,,3,,,United States
1399T,George Stoupe,22,3,,3,,,
1407T,Martin Breysach,22,3,,3,,,France
1407T,Jakub Katuch,21,3,,3,,,
1409T,Santiago De La Fuente,22,3,,4,,,Argentina
1409T,Ricardo Villacorta-Alonso,38,3,,4,,,Spain
1411T,Antonio Massara,28,3,-1,4,,,Italy
1411T,Oliver Okonkwo,23,3,,4,,,
1411T,Renlong Pang,23,3,+2,4,,,China
1411T,Anton Shepp,21,3,,4,,,
1415T,Petros Chrysochos,27,3,,4,,,
1415T,Enrico Giacomini,25,3,,4,,,Italy
1415T,Goncalo Marques,18,3,+1,4,,,Portugal
1415T,Savva Polukhin,25,3,,4,,,Russia
1415T,Alvin Nicholas Tudorica,22,3,,4,,,Canada
1420T,Yan Sabanin,34,3,,5,3,,Russia
1420T,Iker Urribarrens Ramirez,19,3,,5,,,Spain
1422T,Mariano Dedura-Palomero,18,3,,5,,,Germany
1422T,Lorenzo Gagliardo,23,3,,5,,,Italy
1422T,Jonas Pelle Hartenstein,22,3,,5,,,Germany
1422T,Jan Kobierski,20,3,,5,,,
1422T,Leonardo Malgaroli,21,3,,5,,,Italy
1422T,Yassine Smiej,24,3,,5,,,
1422T,Tianhui Zhang,18,3,,5,,,China
1429T,Guelfo Baldovinetti,22,3,+1,5,,,Italy
1429T,Lawrence Bataljin,27,3,,5,1,,Australia
1429T,Gianluca Di Nicola,28,3,,5,,,Italy
1429T,Alexander Frusina,18,3,+1,5,,,United States
1429T,Teymuraz Gabashvili,38,3,,5,,,Russia
1429T,Ivan Nedelko,37,3,,5,,,Russia
1429T,Adam Panaras,20,3,,5,,,France
1429T,Benjamin Torres,20,3,+1,5,,,Chile
1429T,Gabriele Vulpitta,18,3,,5,,,Italy
1438,Zack Viiala,18,3,,6,,,Australia
1439T,Filip Apltauer,19,3,,6,2,,Czech Republic
1439T,Tobias Franco,22,3,,6,,,Argentina
1439T,Joao Vitor Goncalves Ceolin,24,3,,6,,,Brazil
1439T,Joshua Lapadat,21,3,,6,,,Canada
1439T,Aleksi Lofman,22,3,,6,2,,Finland
1439T,Nikola Milojevic,28,3,+1,6,2,,Serbia
1439T,Hamidreza Nadaf,31,3,+1,6,,,
1439T,Albert Pedrico Kravtsov,18,3,,6,,,Spain
1439T,Aristotelis Thanos,22,3,,6,,,Greece
1439T,Mick Veldheer,27,3,,6,2,,Netherlands
1449T,Tommaso Carnevale Miino,23,3,,6,,,Italy
1449T,Leonardo Catani,24,3,-2,6,1,,Italy
1449T,Joshua Charlton,24,3,,6,,,Australia
1449T,Oscar Galimardanov,23,3,,6,,,Russia
1449T,Tim Heger,24,3,,6,,,Germany
1449T,Sam Ryan Ziegann,25,3,+1,6,,,Australia
1449T,Stefan Vujic,25,3,,6,,,Australia
1456T,Berk Ilkel,22,3,,7,,,
1456T,Atharva Sharma,23,3,,7,,,
1458T,Fernando Cavallo,18,3,+2,7,,,Argentina
1458T,Federico Salomone,22,3,,7,,,Italy
1458T,Matthew Summers,25,3,,7,,,
1461T,Hernando Jose Escurra Isnardi,26,3,,7,,,
1461T,Peter Goldsteiner,33,3,,7,,,
1461T,William Jansen,19,3,,7,,,
1461T,Joel Angel Lucero,28,3,,7,,,Argentina
1461T,Finn Murgett,22,3,,7,,,
1461T,Joao Marcos Nusdeo,29,3,,7,,,Brazil
1461T,Giacomo Revelli,22,3,,7,,,
1468T,Matvey Minin,22,3,,8,,,Russia
1468T,Hudson Rivera,19,3,,8,2,,United States
1468T,Gino Romano,22,3,,8,,,Argentina
1468T,Josip Simundza,19,3,,8,,,Croatia
1468T,Zaharije-Zak Talic,25,3,-1,8,,,Australia
1468T,Ranjeet Virali-Murugesan,38,3,,8,,,
1474T,Andrea Bolla,25,3,,9,,,Italy
1474T,Adil Kalyanpur,24,3,+2,9,,,
1476T,Kaylan Bigun,17,3,,9,,,United States
1476T,James Davis,25,3,-1,9,1,,
1476T,Jiayang Dong,19,3,,9,,,Australia
1476T,Krittin Koaykul,28,3,,9,,,
1476T,Ioannis Kountourakis,21,3,,9,,,Greece
1476T,Maurus Malgiaritta,22,3,,9,,,Switzerland
1476T,Rudy Quan,18,3,,9,1,,United States
1476T,Gabriel Roveri Sidney,26,3,,9,,,Brazil
1484T,Lasse Poertner,18,3,,10,,,Germany
1484T,Lucas Renard,31,3,,10,,,
1486T,Kuzey Cekirge,23,3,,10,,,
1486T,Ryan Dickerson,26,3,,10,,,United States
1486T,Natthasith Kunsuwan,24,3,,10,,,
1486T,Lorenzo Lorusso,24,3,,10,,,Italy
1486T,Peter Nad,20,3,,10,,,
1491T,Parth Aggarwal,26,3,,11,,,
1491T,Fabio De Michele,18,3,,11,,,Italy
1491T,Radovan Michalik,20,3,,11,,,
1491T,Enrique Pena,19,3,,11,,,Colombia
1491T,Dylan Salton,21,3,,11,,,
1496,Jody Maginley,28,3,,12,,,
1497T,Jack Karlsson Wistrand,21,3,,13,,,
1497T,Louroi Martinez,25,3,,13,,,Switzerland
1499T,Simone Agostini,26,3,,14,,,Italy
1499T,Marko Stakusic,21,3,-1,14,1,,Canada
1501,Davide Galoppini,29,3,-1,18,1,,Italy
1502T,Vishwa Aduru,21,2,,1,,,United States
1502T,Filip Bergevi,29,2,,1,,,
1502T,Franco Capalbo,26,2,,1,,,Argentina
1502T,Eduard Esteve Lobato,29,2,,1,2,,Spain
1502T,Denis Istomin,37,2,,1,,,
1502T,Luke Johnson,30,2,,1,,,
1502T,Francisco Llanes,21,2,,1,,,
1502T,Toshihide Matsui,45,2,,1,,,Japan
1502T,Albano Olivetti,32,2,,1,2,,France
1502T,David Pel,32,2,,1,,,Netherlands
1502T,John-Patrick Smith,35,2,,1,,,Australia
1502T,Nathan Trouve,18,2,,1,,,France
1514T,Martin Cuevas,32,2,-1,2,,,
1514T,Andres Fernandez Canovas,25,2,,2,,,Spain
1514T,Karol Filar,25,2,,2,,,Poland
1514T,Petar Jovanovic,20,2,,2,,,
1514T,Valentin Kopeikin,22,2,+2,2,,,Russia
1514T,Hugo Maia,22,2,,2,,,Portugal
1514T,Vladislav Melnic,24,2,,2,,,
1514T,Iacopo Sada,26,2,,2,,,Italy
1514T,Aristarkh Safonov,21,2,,2,,,Russia
1514T,Fred Simonsson,29,2,+2,2,,,
1514T,Calin Teodor Stirbu,18,2,,2,,,
1514T,Jip Van Assendelft,22,2,,2,,,Netherlands
1514T,Jefferson Wendler Filho,28,2,,2,,,Brazil
1527T,Enzo Aguiard,21,2,,2,,,Australia
1527T,Ryuhei Azuma,22,2,,2,,,Japan
1527T,Louis Bowden,19,2,,2,,,
1527T,Gabriele Brancatelli,20,2,,2,,,United States
1527T,Luigi Castelletti,21,2,,2,,,Italy
1527T,Nino Ehrenschneider,22,2,,2,,,Germany
1527T,Jangjun Kim,17,2,,2,,,
1527T,Keenan Mayo,23,2,,2,,,United States
1527T,Minjong Park,22,2,,2,,,
1527T,Kenneth Raisma,25,2,,2,,,
1527T,Sebastian Rodriguez,22,2,,2,,,
1527T,Rocco Valente,19,2,,2,,,Argentina
1527T,Alexander Vasilev,16,2,,2,,,Bulgaria
1527T,Shunsuke Wakita,28,2,,2,,,Japan
1541T,Cihan Akay,22,2,,3,,,Australia
1541T,Evan Burnett,17,2,,3,,,United States
1541T,Cleeve Harper,23,2,,3,,,Canada
1541T,Pablo Martinez Gomez,18,2,,3,,,Spain
1541T,Rohan Murali,19,2,,3,,,United States
1541T,Frazier Rengifo,25,2,,3,,,Colombia
1541T,Lodewijk Weststrate,22,2,,3,,,Netherlands
1541T,Yaojie Zeng,22,2,,3,,,China
1549T,Gianluca Ballotta,20,2,,3,,,
1549T,Hans Christian Bustiman Gonzalez,20,2,,3,2,,Chile
1549T,Gabriel Evans,27,2,+1,3,,,United States
1549T,Sai Karteek Reddy Ganta,23,2,,3,,,
1549T,Juli√°n Gimenez,23,2,,3,,,Argentina
1549T,Nico Hornitschek,24,2,,3,1,,Germany
1549T,Dong Ju Kim,21,2,,3,,,
1549T,Samuil Konov,21,2,+1,3,,,Bulgaria
1549T,Mischa Lanz,23,2,,3,,,Switzerland
1549T,Christian Lerby,22,2,,3,,,Netherlands
1549T,Alberto Lim,24,2,,3,,,
1549T,Will Mayew,19,2,,3,,,United States
1549T,Alen Mujakic,20,2,,3,,,Germany
1549T,Natthayut Nithithananont,22,2,+1,3,,,
1549T,Mateusz Terczynski,28,2,,3,,,Poland
1549T,Andres Urrea,29,2,,3,,,Colombia
1549T,Noah Zamora,21,2,,3,,,United States
1549T,Jeremy Zhang,18,2,,3,,,Australia
1567T,Alessandro Coccioli,21,2,,4,,,Italy
1567T,Charlelie Cosnet,21,2,,4,,,France
1567T,Kevin Humpfner,24,2,,4,,,Germany
1567T,Jarno Jans,23,2,,4,,,Netherlands
1567T,Alexey Nesterov,26,2,,4,,,Russia
1572T,Billy Blaydes,20,2,,4,,,
1572T,Adrien Burdet,22,2,,4,,,Switzerland
1572T,Diego Dedura-Palomero,16,2,,4,,,Germany
1572T,Maxwell Exsted,17,2,,4,,,United States
1572T,Hong-Lin Fu,22,2,,4,,,
1572T,Roi Ginat,23,2,,4,,,
1572T,Erik Grevelius,23,2,,4,,,
1572T,Ye Hongyu,19,2,,4,,,China
1572T,Roy Horovitz,17,2,,4,,,United States
1572T,Pengyu Lu,22,2,,4,,,China
1572T,Michal Lusovsky,24,2,,4,,,Czech Republic
1572T,Daniel Milavsky,22,2,,4,,,United States
1572T,Shunsuke Nakagawa,24,2,,4,,,Japan
1572T,Ben Patael,26,2,,4,,,
1572T,Roman Postolka,24,2,,4,,,Czech Republic
1572T,Nicolo Pozzani,21,2,,4,,,Italy
1572T,Jaka Protic Zakelj,20,2,,4,,,
1572T,Huzaifa Abdul Rehman,21,2,,4,1,,
1572T,Simon Reveniau,25,2,,4,,,France
1572T,Jelani Sarr,19,2,,4,,,United States
1572T,Jonas Schaer,23,2,,4,1,,Switzerland
1572T,Imran Sibille El Moumi,22,2,,4,,,
1572T,Tiago Silva,19,2,,4,,,Portugal
1572T,Ronetto Van Tilburg,24,2,,4,,,Netherlands
1572T,Antoine Walch,30,2,,4,,,France
1572T,Paul Werren,19,2,,4,,,
1572T,Tegar Abdi Satrio Wibowo,21,2,,4,,,
1599T,Gustavo Ribeiro De Almeida,17,2,,5,,,Brazil
1599T,Nicolas Jadoun,21,2,,5,,,France
1599T,Oskar Jansson,19,2,,5,,,
1599T,Alexandar Lazarov,26,2,,5,,,Bulgaria
1599T,Obrad Markovski,23,2,,5,,,
1599T,Alessandro Ragazzi,27,2,,5,,,Italy
1605T,Xing Dao Chen,20,2,,5,,,China
1605T,Julien De Cuyper,24,2,,5,,,France
1605T,Julian Desousa,20,2,,5,,,Netherlands
1605T,Aaron Gil Garcia,20,2,,5,,,
1605T,Rafael Giotis,23,2,,5,,,Germany
1605T,Michel Hopp,25,2,,5,,,Germany
1605T,Ondrej Horak,21,2,,5,,,Czech Republic
1605T,Chen-Yu Lu,20,2,,5,,,
1605T,Joris Moret,22,2,,5,,,France
1605T,Bryce Nakashima,20,2,-1,5,,,United States
1605T,Nicolas Philibert,18,2,,5,1,,
1605T,Daniil Savelev,23,2,,5,,,Russia
1605T,Leonardo Telles,28,2,,5,,,Brazil
1618T,Mehdi Benchakroun,20,2,,6,,,
1618T,Luis Britto,30,2,,6,,,Brazil
1618T,Samyar Elyasi,19,2,+1,6,1,,
1618T,Gal Emersic Potocnik,21,2,,6,,,
1618T,Maximilian Figl,19,2,,6,,,Italy
1618T,Simon Freund,27,2,,6,,,
1618T,Biagio Gramaticopolo,21,2,,6,,,Italy
1618T,Timothy Gray,25,2,,6,,,Australia
1618T,Bharath Nishok Kumaran,25,2,,6,,,
1618T,Rohan Mehra,21,2,,6,1,,
1618T,Nik Mikovic,19,2,,6,,,
1618T,Amir Milushev,18,2,+1,6,,,
1618T,Mason Naumovski,23,2,,6,,,Australia
1618T,Jannik Opitz,25,2,,6,,,Germany
1618T,Pedro Rodrigues,17,2,,6,,,Brazil
1618T,Matthew Segura,23,2,,6,,,United States
1618T,Timofey Stepanov,20,2,,6,,,Switzerland
1635T,Yvo Panak,28,2,,7,,,Czech Republic
1635T,Ishaan Ravichander,22,2,,7,,,United States
1635T,Jonathan Sorbo,24,2,,7,,,Canada
1635T,Gian Luca Tanner,23,2,,7,,,Switzerland
1639T,Kaya Arinc,24,2,,7,,,
1639T,Miguel Angel Cabrera,23,2,,7,,,Chile
1639T,Enzo Camargo Lima,20,2,,7,,,Brazil
1639T,Dinko Dinev,20,2,,7,,,Bulgaria
1639T,Abel Forger,18,2,,7,,,Netherlands
1639T,Philip Hjorth,25,2,,7,,,Denmark
1639T,Ronald Hohmann,22,2,,7,,,United States
1639T,William Jucha,20,2,,7,,,France
1639T,Mika Lipp,20,2,,7,,,Germany
1639T,David Saye,19,2,,7,,,United States
1639T,Ezequiel Simonit,22,2,,7,,,Argentina
1639T,Siim Troost,24,2,,7,,,
1639T,Lorenzo Vatteroni,23,2,,7,,,Italy
1639T,Hong Kit Wong,25,2,,7,,,
1639T,Ali Yazdani,20,2,,7,,,
1654T,Siwanat Auytayakul,19,2,,8,,,
1654T,Paul Barbier Gazeu,18,2,,8,,,France
1654T,Antoine Berger,25,2,,8,,,France
1654T,Aurel Ciocanu,25,2,,8,1,,Canada
1654T,Manish Ganesh,22,2,,8,,,
1654T,Kabir Hans,22,2,-1,8,,,
1654T,Yuta Kikuchi,24,2,,8,,,Japan
1654T,Jakub Kroslak,20,2,,8,,,
1654T,Mehdi Sadaoui,20,2,,8,,,France
1654T,Daniel Salazar,22,2,,8,,,Colombia
1654T,Edouard Villoslada,24,2,,8,,,France
1654T,Antoine Vincent,25,2,,8,,,France
1666T,Karlo Cubelic,26,2,+1,9,,,Germany
1666T,Kevin Edengren,18,2,,9,,,
1666T,Goncalo Falcao,36,2,,9,1,,Portugal
1666T,Karim Ibrahim,20,2,+1,9,,,
1666T,Ivan Kazakov,22,2,,9,,,Russia
1666T,Fryderyk Lechno-Wasiutynski,18,2,,9,,,Poland
1666T,Tomislav Edward Papac,28,2,-1,9,,,Australia
1666T,Mert Naci Turker,25,2,,9,,,
1674,Gokberk Saritas,20,2,,10,,,
1675T,Alexis Boureau,27,2,,10,1,,France
1675T,Alexis Canter,25,2,,10,,,
1675T,Andrin Casanova,19,2,,10,,,Switzerland
1675T,Ethan Cook,21,2,-1,10,,,Australia
1675T,Stefano D'Agostino,20,2,,10,,,Italy
1675T,Alexander Orlov,19,2,,10,,,Switzerland
1675T,Grigory Shebekin,18,2,,10,,,Russia
1682T,Felipe De Dios,20,2,,11,,,Argentina
1682T,Filip Duda,25,2,,11,,,Czech Republic
1682T,Zoran Ludoski,18,2,,11,,,Serbia
1682T,Phoenix Weir,18,2,,11,,,
1682T,Richard Zusman,23,2,,11,,,United States
1687T,Shivank Bhatnagar,23,2,,12,,,
1687T,Attila Boros,20,2,,12,,,Hungary
1687T,Thomas Brown,25,2,,12,,,United States
1687T,Raphael Calzi,26,2,,12,,,
1687T,Xavi Matas Ortega,21,2,,12,,,Spain
1692T,Bekkhan Atlangeriev,23,2,,13,,,Russia
1692T,Tom Evans,22,2,,13,,,Australia
1694T,Davud Amirov,25,1,,1,,,Russia
1694T,Pol Amoros Ramos,26,1,,1,,,Spain
1694T,Lorenzo Angelini,18,1,,1,,,Italy
1694T,Matthew Asciak,33,1,,1,,,
1694T,Raphael Baltensperger,26,1,,1,,,Switzerland
1694T,Henry Bernet,17,1,,1,,,Switzerland
1694T,Tymur Bieldiugin,18,1,,1,,,
1694T,Thijs Boogaard,15,1,,1,,,Netherlands
1694T,Kai Brady,22,1,,1,,,United States
1694T,Matei Florin Breazu,15,1,,1,,,
1694T,Robin Bulant,31,1,,1,,,Czech Republic
1694T,Jacob Bullard,23,1,,1,,,United States
1694T,Nicholas Campbell,24,1,+1,1,,,
1694T,Simon Carr,24,1,,1,1,,
1694T,Brian Cernoch,24,1,,1,,,United States
1694T,Nicolo Consonni,18,1,,1,,,Italy
1694T,Sven Corbinais,21,1,,1,,,France
1694T,Sandro Cottino,22,1,,1,,,France
1694T,Pasquale De Giorgio,24,1,,1,,,Italy
1694T,Bohua Dong,21,1,,1,1,,China
1694T,Luciano Doria,31,1,,1,,,Argentina
1694T,Juan Arturo Espanol Moreno,20,1,,1,,,Colombia
1694T,Janos Fekete,23,1,,1,,,
1694T,Alex Finkelstein,21,1,,1,,,United States
1694T,Matthew Foster-Estwick,26,1,,1,,,
1694T,Xin Gao,29,1,,1,,,China
1694T,Gabriel Ghetu,16,1,,1,,,
1694T,Anders Grinderslev,30,1,,1,,,Denmark
1694T,Josue Guzman,18,1,,1,,,
1694T,Phillip Jordan,23,1,,1,,,United States
1694T,Noritaka Koizumi,20,1,,1,,,Japan
1694T,Holden Koons,23,1,,1,,,United States
1694T,Tino Kovacic,26,1,,1,,,
1694T,Leo Lagarrigue,17,1,+1,1,,,France
1694T,Florian Lakat,28,1,,1,,,France
1694T,Luca Lemaitre,19,1,,1,,,
1694T,Thando Longwe-Smit,22,1,,1,,,
1694T,Kevin Major,28,1,,1,,,
1694T,Karol Malirz,21,1,,1,,,Poland
1694T,Norbert Marosik,20,1,+1,1,,,
1694T,Agustin Mastri,20,1,,1,,,Argentina
1694T,Piotr Matuszewski,25,1,,1,,,Poland
1694T,Lui Maxted,20,1,,1,,,
1694T,Kristof Minarik,23,1,,1,,,
1694T,Muzammil Murtaza,24,1,,1,,,
1694T,Adam Nagoudi,23,1,,1,,,
1694T,Shan-Yuan Ou,24,1,,1,,,
1694T,Charlie Pade,19,1,,1,,,Australia
1694T,Stefano Papagno,20,1,,1,,,Italy
1694T,Ritesh Patil,19,1,,1,,,United States
1694T,Michail Pervolarakis,27,1,,1,1,,Greece
1694T,Andreja Petrovic,24,1,,1,,,Norway
1694T,Kasra Rahmani,17,1,,1,,,
1694T,Alberto Romero De Avila Senise,26,1,,1,,,Spain
1694T,Teun Rozenberg,20,1,,1,,,Netherlands
1694T,Sasha Rozin,18,1,,1,,,Canada
1694T,Iago Salvador Pita,24,1,,1,,,Spain
1694T,Manuel Sanchez,33,1,,1,,,
1694T,Tim Sandkaulen,26,1,,1,1,,Germany
1694T,Yair Sarouk,22,1,,1,,,
1694T,Marvin Schaber,23,1,,1,,,Germany
1694T,Leon Schmidt,18,1,,1,,,Germany
1694T,Hugo Schott,27,1,,1,,,France
1694T,Evan Sharygin,16,1,,1,,,United States
1694T,Yaraslav Shyla,31,1,,1,,,
1694T,Jordan Smith,27,1,,1,1,,Australia
1694T,Tyler Stewart,21,1,,1,,,United States
1694T,Bjorn Swenson,20,1,,1,,,United States
1694T,Avery Tallakson,18,1,,1,,,United States
1694T,Jeremy Taylor,24,1,,1,,,Australia
1694T,Sam Thompson,31,1,,1,,,Australia
1694T,Ruslan Tiukaev,18,1,,1,,,Russia
1694T,Matei Todoran,16,1,,1,,,
1694T,Yuta Tomida,17,1,,1,,,Japan
1694T,Victor Tosetto,19,1,,1,,,Brazil
1694T,Jordan Ubiergo,30,1,,1,,,France
1694T,Harold Van Raemdonck,18,1,,1,,,
1694T,Azuma Visaya,20,1,,1,,,United States
1694T,Alexander Vlahos,18,1,,1,,,Poland
1694T,Gavin Young,21,1,,1,,,United States
1694T,Yu Zhang,21,1,,1,,,China
1694T,Runyu Zhao,24,1,,1,,,China
1776T,Emiliano Aguilera,21,1,,2,,,
1776T,Benjamin Denis Alarcon,24,1,,2,,,Argentina
1776T,Filippo Alberti,20,1,+1,2,,,Italy
1776T,Ali Amiri,22,1,,2,,,United States
1776T,Oskar Antinheimo,21,1,,2,,,Finland
1776T,Christos Antonopoulos,25,1,+1,2,,,Greece
1776T,Ivar Jose Aramburu Contreras,29,1,,2,,,
1776T,Abraham Asaba,26,1,,2,,,
1776T,Enrico Baldisserri,20,1,,2,,,Italy
1776T,Marcell Bartakovics,26,1,,2,,,Hungary
1776T,Adrien Berrut,18,1,,2,,,Switzerland
1776T,Juliusz Bienkiewicz,24,1,,2,,,Poland
1776T,Victor Bini,20,1,,2,,,Brazil
1776T,Santiago Bramajo,23,1,,2,,,Argentina
1776T,Stiles Brockett,17,1,,2,,,United States
1776T,Alvaro Bueno Gil,23,1,,2,,,Spain
1776T,Loren Thomas Byers,22,1,,2,,,United States
1776T,Alex Cairo,19,1,,2,,,United States
1776T,Charles Chen,16,1,,2,,,China
1776T,Marco Dessi,23,1,,2,,,Italy
1776T,Nini Gabriel Dica,22,1,,2,,,
1776T,Dominic Ducariu,18,1,,2,,,Germany
1776T,Hiroyasu Ehara,32,1,,2,,,Japan
1776T,Lorenzo Esquici,20,1,,2,,,Brazil
1776T,Reece Falck,21,1,,2,,,
1776T,Omar Fields,27,1,-1,2,,,Australia
1776T,Matthew Forbes,17,1,,2,,,United States
1776T,Jin Gu,22,1,,2,,,China
1776T,Patorn Hanchaikul,21,1,,2,,,
1776T,Chih Chi Huang,23,1,,2,,,Canada
1776T,Rafael Jodar,17,1,,2,,,Spain
1776T,Lennon Roark Jones,19,1,,2,,,Japan
1776T,Patrik Jurina,19,1,,2,,,Croatia
1776T,Hanival Kahsay,18,1,,2,,,Australia
1776T,Atakan Karahan,17,1,,2,,,
1776T,Ruslan Kastsiukevich,16,1,,2,,,
1776T,Sho Katayama,34,1,,2,,,Japan
1776T,Stian Klaassen,20,1,,2,,,Netherlands
1776T,Henrik Heise Korsgaard,27,1,,2,,,Denmark
1776T,Nicolas Ian Kotzen,20,1,,2,,,United States
1776T,Maxim Krapivin,24,1,,2,,,Russia
1776T,Filip Krolo,22,1,,2,,,Germany
1776T,Lance Amaury Lage Castelan,22,1,,2,,,
1776T,Daniel Lara Salmeron,22,1,,2,,,Spain
1776T,Wenfu Li,19,1,,2,,,China
1776T,Viktor Markov,18,1,,2,,,Bulgaria
1776T,Shu Matsuoka,20,1,,2,,,Japan
1776T,Brayden Michna,19,1,,2,,,United States
1776T,Petr Michnev,34,1,,2,,,Czech Republic
1776T,Plamen Milushev,29,1,,2,,,Bulgaria
1776T,Siphosothando Montsi,24,1,,2,,,
1776T,Jung-Woong Na,31,1,,2,,,
1776T,Ren Nakamura,29,1,,2,,,Japan
1776T,Amirkhamza Nasridinov,18,1,,2,,,Russia
1776T,Jakub Novak,0,1,,2,,,Czech Republic
1776T,Kyle Overmyer,20,1,,2,,,United States
1776T,Felipe Pagnacco,19,1,+1,2,,,Argentina
1776T,Thomas Patton,20,1,,2,1,,Australia
1776T,Christopher Patzanovsky,26,1,,2,,,Germany
1776T,Stepan Pecak,23,1,,2,,,Czech Republic
1776T,Drazen Petrovic,21,1,,2,,,
1776T,Nuno Pinheiro,19,1,,2,,,Portugal
1776T,Tiago Pires,18,1,,2,,,France
1776T,Jorge Plans,22,1,,2,,,Spain
1776T,Jan Pleva,22,1,,2,,,Czech Republic
1776T,Leo Poupinel,20,1,,2,,,France
1776T,Leyton Rivera,22,1,,2,,,Norway
1776T,Martins Rocens,23,1,,2,,,
1776T,Amador Salazar,23,1,,2,,,Chile
1776T,Damien Salvestre,22,1,,2,,,France
1776T,Justin Schlageter,23,1,,2,,,Germany
1776T,Aman Sharma,20,1,,2,,,United States
1776T,Eyal Shyovitz,19,1,,2,,,
1776T,Cedric Stanke,25,1,,2,,,Germany
1776T,Piet Steveker,19,1,,2,,,Germany
1776T,Kelsey Stevenson,33,1,+1,2,,,Canada
1776T,Simeon Terziev,21,1,,2,,,Bulgaria
1776T,Tiago Torres,21,1,,2,,,Portugal
1776T,Alaa Trifi,17,1,+1,2,,,
1776T,Sasha Trkulja,21,1,,2,,,Canada
1776T,Eric David Verdes,19,1,,2,,,
1776T,Gabriele Volpi,27,1,,2,,,Italy
1776T,Luka Vuglar,19,1,,2,,,Croatia
1776T,Kai-I Wang,19,1,,2,,,
1776T,Jaden Weekes,19,1,,2,,,Canada
1776T,Ching-Mou Yu,28,1,,2,,,
1862T,Imran Daniel Abd Hazli,18,1,+1,3,,,
1862T,Liova Ajavon,24,1,,3,,,
1862T,Alexey Aleshchev,25,1,,3,,,Russia
1862T,Mateo Luis Alvarez Sarmiento,19,1,,3,,,Spain
1862T,Edison Ambarzumjan,27,1,,3,,,Germany
1862T,Niksa Arsic,19,1,,3,,,Serbia
1862T,Stefano Baldoni,26,1,,3,,,Italy
1862T,Alejandro Bancalari,20,1,,3,,,Chile
1862T,Alex Bancila,24,1,,3,,,United States
1862T,Enrique Bogo,28,1,,3,,,Brazil
1862T,Leanid Boika,19,1,,3,,,United States
1862T,Markus Bolin,22,1,,3,,,
1862T,Connor Bruce,22,1,,3,,,United States
1862T,Matheus Bueres,20,1,,3,,,Brazil
1862T,Jorge Cavero,31,1,,3,,,
1862T,Aleksa Ciric,23,1,,3,,,Serbia
1862T,Jiri Cizek,18,1,,3,,,Czech Republic
1862T,Henrique Costanzi De Brito,18,1,,3,,,Brazil
1862T,Konstantin Cucka,21,1,,3,,,Germany
1862T,Tommy Czaplinski,19,1,,3,,,United States
1862T,Savriyan Danilov,23,1,,3,,,Russia
1862T,Mayeul Darras,25,1,,3,,,France
1862T,Thomas Faurel,18,1,+1,3,,,France
1862T,Adhithya Ganesan,18,1,,3,,,United States
1862T,Amirali Ghavam,17,1,,3,,,
1862T,Giorgi Giorgadze,21,1,,3,,,
1862T,Eugenio Gonzalez Fitzmaurice,20,1,,3,,,United States
1862T,Carles Hernandez,22,1,,3,,,Spain
1862T,Nicolas Herrero,21,1,,3,,,Spain
1862T,Alen Moritz Hodzic,21,1,,3,,,Germany
1862T,Harold Huens,21,1,,3,,,
1862T,Nicolas Ifi,25,1,+1,3,,,
1862T,Rodolfo Jauregui Sainz de Rozas,30,1,,3,,,
1862T,Jae Hwan Kim,29,1,,3,,,
1862T,Nick Lagaev,22,1,,3,,,Canada
1862T,Juan Cruz Martin Manzano,19,1,,3,,,Italy
1862T,Benito Massacri,20,1,,3,,,Italy
1862T,Timur Maulenov,23,1,,3,,,
1862T,Filippo Mazzola,18,1,,3,,,Italy
1862T,Stefan Menichella,29,1,,3,,,United States
1862T,Milos Mikovic,18,1,,3,,,Serbia
1862T,Alejandro Moreno,21,1,,3,,,United States
1862T,Enmanuel Munoz,19,1,,3,,,
1862T,Novak Novakovic,23,1,,3,,,Serbia
1862T,Semen Pankin,24,1,,3,,,Russia
1862T,Christopher Papa,22,1,,3,,,United States
1862T,Philipp Pavlenko,22,1,,3,,,Germany
1862T,Alvaro Peiro Serrano,20,1,,3,,,Spain
1862T,Luka Petrovic,21,1,,3,,,
1862T,Elijah Poritzky,20,1,,3,,,United States
1862T,Loris Pourroy,23,1,,3,,,France
1862T,Suraj R Prabodh,29,1,,3,,,
1862T,Nicola Rispoli,26,1,,3,,,Italy
1862T,Christopher Rungkat,34,1,,3,,,
1862T,Mathieu Scaglia,25,1,,3,,,France
1862T,Gheorghe Claudiu Schinteie,22,1,,3,,,
1862T,Mehluli Don Ayanda Sibanda,24,1,,3,,,
1862T,Sahar Simon,23,1,,3,,,
1862T,Luca Matteo Sobbe,22,1,,3,,,Germany
1862T,Itamar Tapiro,19,1,,3,,,
1862T,Jared Thompkins,27,1,,3,,,United States
1862T,William Chase Thompson,19,1,,3,1,,United States
1862T,Pijus Vaitiekunas,21,1,,3,,,
1862T,Lazar Vojinovic,25,1,,3,,,Serbia
1862T,Ha Minh Duc Vu,20,1,,3,,,
1862T,Yash Yadav,24,1,,3,,,
1862T,Martin Zeljenka,26,1,,3,,,Hungary
1929T,Vesa Ahti,24,1,,4,1,,Finland
1929T,Ramiro Amarilla,22,1,,4,,,Argentina
1929T,Marko Andrejic,21,1,,4,,,
1929T,Elbert Barr,21,1,,4,,,
1929T,Max Benaim,25,1,,4,,,
1929T,Marco Berti,19,1,,4,,,Italy
1929T,Jake Bhangdia,26,1,,4,,,United States
1929T,Jacopo Bilardo,19,1,,4,,,Italy
1929T,Martin Borisiouk,23,1,,4,,,
1929T,Ken Cavrak,23,1,-1,4,,,Australia
1929T,Ignasi De Rueda De Genover,26,1,,4,,,Spain
1929T,Timofei Derepasko,17,1,,4,,,Russia
1929T,Matteo Donati,29,1,,4,1,,Italy
1929T,Igor Dudun,25,1,,4,,,
1929T,Lorenzo Ferri,20,1,,4,,,Italy
1929T,Syl Gaxherri,19,1,,4,,,
1929T,Segundo Goity Zapico,18,1,,4,,,Argentina
1929T,Nicolas Rafael Goldberg Alviani,21,1,,4,,,Spain
1929T,Oskar Grzegorzewski,19,1,,4,,,Poland
1929T,Ruben Hartig,21,1,,4,,,Germany
1929T,Roko Horvat,22,1,,4,,,Croatia
1929T,Gonzalo Ariel Karakachian,23,1,,4,,,Argentina
1929T,Arthur Laborde,19,1,,4,,,Switzerland
1929T,Zekai Li,24,1,+1,4,,,China
1929T,Benjamin Loccisano,27,1,,4,,,Germany
1929T,Mateo Nicolas Martinez,30,1,,4,,,Argentina
1929T,Tomas Martinez,20,1,,4,,,Argentina
1929T,Arjun Mehrotra,26,1,-1,4,,,Australia
1929T,Patrik Meszaros,18,1,,4,,,Hungary
1929T,Felix Mischker,20,1,,4,,,
1929T,Joan Nadal,19,1,,4,,,Spain
1929T,Ki Lung Ng,22,1,,4,,,
1929T,Oscar Gabriel Ortiz,26,1,,4,,,Argentina
1929T,Matt Ponchet,19,1,,4,,,France
1929T,Gregor Ramskogler,25,1,,4,,,
1929T,Nil Regas Luis,23,1,,4,,,Spain
1929T,Tiran Sanghera,25,1,,4,,,
1929T,Martim Simoes,20,1,,4,,,Portugal
1929T,Luca Staeheli,24,1,,4,,,Switzerland
1929T,Linus Videhult,21,1,,4,,,
1929T,Jakub Wojcik,26,1,,4,,,United States
1929T,Kuang Qing Xu,17,1,,4,,,Canada
1929T,Hesam Yazdi,31,1,,4,,,
1929T,Gonzalo Zeitune,18,1,,4,,,Argentina
1929T,Yanjie Zheng,23,1,,4,,,China
1974T,Mohammad Alkotop,19,1,,5,,,
1974T,Amir Hossein Badi,25,1,,5,,,
1974T,Sam Kydd Baumgartner,19,1,,5,,,Switzerland
1974T,Alen Bill,20,1,,5,,,Croatia
1974T,Alan Bojarski,20,1,,5,,,Poland
1974T,Yash Chaurasia,22,1,,5,,,
1974T,Shohei Chikami,25,1,-1,5,,,Japan
1974T,Leo Deflandre,22,1,,5,,,France
1974T,Alex Degabriele,19,1,,5,,,
1974T,Ammar Elamin,21,1,,5,,,
1974T,Benedikt Emesz,22,1,,5,,,
1974T,Ignasi Forcano,24,1,,5,,,Spain
1974T,Filiberto Fumagalli,21,1,,5,,,Italy
1974T,Rostislav Galfinger,21,1,,5,,,
1974T,Jordi Garcia Mestre,21,1,,5,,,Spain
1974T,Jeremy Gschwendtner,25,1,,5,,,
1974T,Daniel Ibragimov,21,1,,5,,,Russia
1974T,Paul Inchauspe,20,1,,5,,,France
1974T,Adam Jurajda,20,1,,5,,,Czech Republic
1974T,Marcel Kamrowski,20,1,,5,,,Poland
1974T,Tomas Luis,22,1,,5,,,Portugal
1974T,Rocco Piatti,19,1,,5,,,
1974T,David Quayle,23,1,,5,,,
1974T,Franco Ribero,24,1,,5,,,Argentina
1974T,Darrshan Suresh,23,1,,5,,,
1974T,Andreas Timini,17,1,,5,,,
1974T,Gunawan Trismuwantara,21,1,,5,,,
1974T,Sean Van Rensburg,23,1,,5,,,Australia
1974T,Matas Vasiliauskas,21,1,,5,1,,
2003T,Patricio Alvarado,34,1,,6,,,
2003T,Toprak Avcibasi,19,1,,6,,,
2003T,Razvan Baiant,23,1,,6,,,Canada
2003T,Tarik Bajrovic,19,1,,6,,,
2003T,Jonathan Baron,21,1,,6,,,
2003T,Alberto Bronzetti,25,1,,6,,,Italy
2003T,Esteban  Bruna,29,1,,6,,,Chile
2003T,Jordan Chiu,23,1,,6,,,United States
2003T,Geni Inoue,20,1,,6,,,Japan
2003T,Rushil Khosla,17,1,,6,,,
2003T,Mac Kiger,25,1,,6,,,United States
2003T,Youssef Labbene,19,1,,6,,,
2003T,Oscar Lacides,19,1,,6,,,
2003T,Valentin Lapalu,22,1,,6,,,France
2003T,Vitor Leal,24,1,,6,,,Brazil
2003T,Ignacio Parisca Romera,18,1,,6,,,
2003T,Cyril Respaut,24,1,,6,,,France
2003T,Stephanos Schinas,26,1,,6,,,Greece
2003T,Abhinav Sanjeev Shanmugam,25,1,,6,,,
2003T,Jagmeet Singh,28,1,,6,,,
2003T,Weitao Xu,18,1,,6,,,China
2003T,Bingyu Yu,25,1,,6,,,China
2025T,Marco Furlanetto,23,1,,7,,,Italy
2025T,Yusuf Khamis,24,1,,7,,,
2025T,Chad Kissell,27,1,-1,7,,,United States
2025T,Shaoyun Liu,22,1,,7,,,China
2025T,Kirill Mishkin,21,1,,7,,,Russia
2025T,Aleksei Mokrov,19,1,,7,,,Russia
2025T,Matei Cristian Onofrei,18,1,,7,,,
2025T,Jan Sebesta,21,1,,7,,,Switzerland
2025T,Mubarak Shannan Zayid,28,1,,7,,,
2034T,Faisal Qamar,24,1,,8,,,
2034T,Andrej Radojicic,19,1,,8,,,Serbia
2034T,Niklas Waldner,22,1,,8,,,
2037T,Vito Dell'Elba,25,1,,9,,,Italy
2037T,Federico Marchetti,23,1,,9,,,Italy
2037T,Mikel Martinez,23,1,,9,1,,Spain
2037T,Rishi Reddy,25,1,,9,,,
2037T,David Agung Susanto,32,1,,9,,,
2037T,Zhan Zheng,21,1,,9,,,China
2043T,Nathan Anthony Barki,19,1,,10,,,
2043T,Domagoj Biljesko,26,1,,10,,,Croatia
2043T,Aleksei Khomich,27,1,,10,,,
2046T,Giammarco Gandolfi,20,1,,11,,,Italy
2046T,Seungmin Park,18,1,,11,,,
2046T,Roland Stuurman,24,1,+1,11,,,Netherlands
2046T,Giuseppe Tresca,25,1,,11,,,Italy
2050,Arslanbek Aitkulov,20,1,-4,12,,,
2051,Andrea Fiorentini,23,1,,13,,,Italy
2052,Lucio Ratti,20,1,+1,15,,,Argentina
